ID#,Balance,Qual_miles,cc1_miles,cc2_miles,cc3_miles,Bonus_miles,Bonus_trans,Flight_miles_12mo,Flight_trans_12,Days_since_enroll,Award?,KMeans_Cluster,DBSCAN_Cluster
1,28143,0,1,1,1,174,1,0,0,7000,0,1,0
2,19244,0,1,1,1,215,2,0,0,6968,0,1,0
3,41354,0,1,1,1,4123,4,0,0,7034,0,1,0
4,14776,0,1,1,1,500,1,0,0,6952,0,1,0
6,16420,0,1,1,1,0,0,0,0,6942,0,1,0
7,84914,0,3,1,1,27482,25,0,0,6994,0,0,-1
11,40091,0,2,1,1,7278,10,0,0,6959,0,1,1
13,43382,0,2,1,1,11150,20,0,0,6924,0,0,-1
14,43097,0,1,1,1,3258,6,0,0,6918,0,1,0
15,17648,0,1,1,1,0,0,0,0,6912,0,1,0
16,28495,0,4,1,1,49442,15,0,0,6912,1,0,3
17,51890,0,4,1,1,48963,16,0,0,6910,1,0,3
18,13958,0,1,1,1,4291,5,0,0,6905,1,1,0
19,91473,0,3,1,1,27408,17,0,0,6903,1,0,2
20,23354,0,3,1,1,10447,5,0,0,6896,1,0,-1
26,20726,0,1,1,1,1375,4,0,0,7924,0,1,0
28,8828,0,1,1,1,0,0,0,0,7914,0,1,0
31,177926,0,3,1,1,20797,13,0,0,7886,0,0,-1
32,10021,0,1,1,1,0,0,0,0,7879,0,1,0
34,18047,0,1,1,1,100,1,0,0,7868,0,1,0
35,43832,0,1,1,1,0,0,0,0,7865,0,1,0
39,59990,0,3,1,1,27878,17,0,0,7854,1,0,2
40,2176,0,1,1,1,0,0,0,0,7847,1,1,0
42,10470,0,4,1,1,38094,26,0,0,7840,1,0,-1
45,121260,0,3,1,1,18493,18,0,0,7808,0,0,2
47,92336,0,2,1,1,11214,6,0,0,6884,0,0,-1
52,1300,0,1,1,1,370,1,0,0,6868,0,1,0
55,38348,0,1,1,1,0,0,0,0,6861,0,1,0
56,14448,0,1,1,1,1625,6,0,0,6856,0,1,0
57,75971,0,4,1,1,34339,14,0,0,6869,0,0,3
59,38077,0,3,1,1,34024,8,0,0,6837,0,0,-1
61,134457,0,3,1,1,15588,14,0,0,6861,0,0,2
62,19918,0,1,1,1,17601,11,0,0,6863,0,1,0
63,10120,0,1,1,1,0,0,0,0,6864,0,1,0
65,80250,0,1,1,1,895,2,0,0,6833,0,1,0
67,9375,0,1,1,1,1750,7,0,0,6826,0,1,0
68,83237,0,4,1,1,35287,18,0,0,6837,0,0,3
71,47457,0,3,1,1,12621,16,0,0,7766,1,0,2
76,123867,0,3,1,1,25308,17,0,0,7759,0,0,2
78,129871,0,3,1,1,15776,22,0,0,7752,0,0,2
79,109380,0,1,1,1,7537,16,0,0,7749,0,0,-1
80,111157,0,4,1,1,32883,19,0,0,7771,0,0,3
81,49238,0,4,1,1,38037,18,0,0,7801,1,0,3
83,4340,0,1,1,1,32685,5,0,0,7733,1,1,-1
85,8454,0,1,1,1,498,9,0,0,6821,0,1,0
86,61990,0,1,1,1,1625,6,0,0,6833,0,1,0
87,24093,0,1,1,1,1750,7,0,0,6819,0,1,0
89,40284,0,1,1,1,7719,5,0,0,6827,1,1,0
95,78629,0,4,1,1,36679,25,0,0,6817,1,0,-1
98,16796,0,1,1,1,2875,16,0,0,6773,0,1,0
99,57346,0,1,1,1,5560,23,0,0,6766,0,0,-1
100,102062,0,4,1,1,44247,16,0,0,6758,0,0,3
101,22324,0,1,1,1,1375,4,0,0,6753,0,1,0
102,64824,0,3,1,1,20184,13,0,0,6770,1,0,2
104,8053,0,1,1,1,0,0,0,0,6750,1,1,0
105,35119,0,1,1,1,0,0,0,0,6749,0,1,0
107,34327,0,1,1,1,0,0,0,0,6745,0,1,0
110,43498,0,1,1,1,0,0,0,0,6759,1,1,0
113,181019,0,3,1,1,18415,15,0,0,7714,0,0,-1
116,56906,0,1,1,1,2015,13,0,0,7707,1,1,0
118,67018,0,3,1,1,23260,25,0,0,7698,0,0,-1
119,143967,0,2,1,1,7346,11,0,0,7689,0,0,-1
121,122705,0,3,1,1,24222,15,0,0,7682,1,0,2
122,16583,0,1,1,1,2625,7,0,0,7682,1,1,0
123,77540,0,1,1,1,1000,1,0,0,7683,0,1,0
126,47258,0,3,1,1,24768,19,0,0,7659,1,0,2
127,77699,0,4,1,1,42775,13,0,0,7654,0,0,3
131,48333,0,2,1,1,10123,14,0,0,6737,1,0,1
132,142175,0,4,1,1,37461,22,0,0,6732,1,0,3
133,17469,0,1,1,1,0,0,0,0,6730,1,1,0
135,145074,0,1,1,1,8000,4,0,0,6746,1,1,-1
137,125948,0,3,1,1,15155,15,0,0,6761,1,0,2
139,129298,0,4,1,1,29099,15,0,0,6722,0,0,3
141,160447,0,1,1,1,8578,25,0,0,6716,1,0,-1
142,15472,0,1,1,1,3500,14,0,0,6715,0,1,0
143,39628,0,1,1,1,0,0,0,0,6711,0,1,0
144,6112,0,1,1,1,0,0,0,0,6709,0,1,0
146,126787,0,4,1,1,35021,17,0,0,6701,0,0,3
147,41547,0,3,1,1,16857,17,0,0,6697,0,0,2
149,18707,0,1,1,1,100,1,0,0,6693,0,1,0
151,84631,0,3,1,1,20415,17,0,0,6736,0,0,2
152,24868,0,1,1,1,205,5,0,0,6689,0,1,0
156,87474,0,1,1,1,4581,15,0,0,7634,0,1,0
157,48707,0,4,1,1,37655,14,0,0,7631,1,0,3
160,44182,0,3,1,1,12313,12,0,0,7619,1,0,2
162,46823,0,1,1,1,5860,12,0,0,7613,0,1,0
163,69110,0,3,1,1,18500,19,0,0,7598,0,0,2
166,10302,0,4,1,1,30298,19,0,0,7591,1,0,-1
167,80331,0,3,1,1,15489,18,0,0,7634,1,0,2
168,69882,0,1,1,1,180,6,0,0,7582,0,1,0
169,95658,0,1,1,1,5269,18,0,0,7584,0,0,-1
174,35820,0,1,1,1,0,0,0,0,7575,0,1,0
177,120941,0,4,1,1,42301,21,0,0,7588,0,0,-1
181,60230,0,1,1,1,500,1,0,0,7544,1,1,0
183,48145,0,1,1,1,10735,27,0,0,7540,0,0,-1
187,8933,0,2,1,1,8860,14,0,0,7533,1,1,1
188,49885,0,3,1,1,23640,17,0,0,7533,0,0,2
189,89999,0,3,1,1,11694,13,0,0,7530,0,0,2
198,24523,0,1,1,1,100,1,0,0,7493,1,1,0
199,134601,0,1,1,1,0,0,0,0,7493,0,1,-1
201,108341,0,3,1,1,19670,21,0,0,7488,0,0,2
204,41385,0,4,1,1,26948,14,0,0,7481,1,0,3
206,16230,0,1,1,1,486,2,0,0,7477,0,1,0
208,37348,0,1,1,1,0,0,0,0,7472,0,1,0
209,51468,0,1,1,1,2278,9,0,0,7460,0,1,0
212,27381,0,3,1,1,18009,18,0,0,7524,1,0,2
213,6854,0,1,1,1,0,0,0,0,7467,0,1,0
215,31588,0,1,1,1,2947,8,0,0,7463,0,1,0
217,8298,0,3,1,1,20087,15,0,0,7498,1,0,2
219,114356,0,4,1,1,27308,14,0,0,7456,0,0,3
220,1344,0,1,1,1,1134,9,0,0,7498,0,1,0
221,59797,0,1,1,1,7069,4,0,0,7444,0,1,0
222,189053,0,3,1,1,24156,22,0,0,7439,1,0,-1
223,143481,0,4,1,1,45891,15,0,0,7437,0,0,-1
227,20203,0,1,1,1,750,6,0,0,7467,0,1,0
228,193976,0,3,1,1,10849,14,0,0,7416,0,0,-1
229,98224,0,2,1,1,5570,11,0,0,7467,0,0,-1
234,133309,0,3,1,1,23987,13,0,0,7415,1,0,2
236,22074,0,1,1,1,6039,15,0,0,7404,0,1,0
237,24051,0,2,1,1,8764,13,0,0,7395,1,1,1
238,11449,0,2,1,1,9057,13,0,0,7397,1,1,1
243,15525,0,1,1,1,3853,6,0,0,7406,0,1,0
245,2075,0,2,1,1,5002,14,0,0,7374,1,1,1
251,15221,0,1,1,1,4425,9,0,0,7361,1,1,0
254,62882,0,1,1,1,1925,8,0,0,7375,0,1,0
255,30015,0,1,1,1,5875,32,0,0,7341,0,0,-1
257,45225,0,3,1,1,14711,15,0,0,7339,1,0,2
258,96098,0,1,1,1,12500,4,0,0,7339,1,1,-1
261,25279,0,2,1,1,14938,26,0,0,7327,1,0,-1
265,70730,0,1,1,1,1319,12,0,0,7316,0,1,0
266,164613,0,2,1,1,11095,13,0,0,7375,0,0,-1
269,105769,0,3,1,1,23097,16,0,0,7345,1,0,2
270,35900,0,1,1,1,0,0,0,0,7304,0,1,0
271,43088,0,1,1,1,4000,1,0,0,7345,0,1,0
274,145726,0,3,1,1,19019,15,0,0,7292,1,0,2
278,51250,0,1,1,1,0,0,0,0,7283,0,1,0
280,12895,0,1,1,1,0,0,0,0,7277,0,1,0
281,120073,0,3,1,1,12423,29,0,0,7276,1,0,-1
282,2003,0,1,1,1,980,2,0,0,7274,0,1,0
284,168515,0,1,1,1,4600,4,0,0,7269,0,1,-1
288,79211,0,4,1,1,36776,14,0,0,7260,1,0,3
291,62998,0,2,1,1,11326,24,0,0,7253,0,0,-1
293,45586,0,4,1,1,37459,15,0,0,7246,0,0,3
297,12195,0,1,1,1,3875,17,0,0,7229,0,1,0
298,16622,0,1,1,1,0,0,0,0,7229,0,1,0
299,141813,0,4,1,1,39743,14,0,0,7254,0,0,3
303,35945,0,1,1,1,0,0,0,0,7220,0,1,0
305,7061,0,1,1,1,7100,12,0,0,7218,0,1,0
308,125465,0,3,1,1,14750,9,0,0,7206,0,0,2
310,123370,0,1,1,1,7478,16,0,0,7197,0,0,-1
312,112969,0,2,1,1,7572,7,0,0,7192,0,0,-1
314,179433,0,4,1,1,30476,15,0,0,7187,0,0,-1
315,20746,0,4,1,1,37534,17,0,0,7185,1,0,3
316,61455,0,4,1,1,28765,17,0,0,7183,1,0,3
320,16928,0,1,1,1,1000,1,0,0,7173,0,1,0
321,65316,0,1,1,1,3917,10,0,0,7254,0,1,0
323,52060,0,1,1,1,6500,3,0,0,7162,1,1,0
324,84700,0,3,1,1,13544,17,0,0,7162,0,0,2
328,50325,0,3,1,1,11930,14,0,0,7155,0,0,2
330,73849,0,2,1,1,11793,21,0,0,7250,0,0,-1
333,65573,0,1,1,1,3875,23,0,0,7130,0,0,-1
335,47958,0,1,1,1,0,0,0,0,7130,0,1,0
338,42363,0,1,1,1,0,0,0,0,7120,1,1,0
339,133370,0,4,1,1,44299,18,0,0,7101,1,0,-1
342,34956,0,1,1,1,0,0,0,0,7172,0,1,0
343,46963,0,1,1,1,1500,5,0,0,7117,0,1,0
344,55788,0,3,1,1,24831,12,0,0,7314,0,0,2
347,38718,0,1,1,1,0,0,0,0,7314,0,1,0
349,54005,0,1,1,1,1500,5,0,0,7099,0,1,0
350,66863,0,4,1,1,36532,9,0,0,7099,1,0,3
351,93045,0,3,1,1,17636,15,0,0,7092,0,0,2
353,151301,0,4,1,1,37772,14,0,0,7092,0,0,3
354,87938,0,1,1,1,11268,2,0,0,7085,1,1,0
355,15283,0,1,1,1,1250,3,0,0,7132,0,1,0
356,105423,0,3,1,1,20802,14,0,0,7078,0,0,2
358,13680,0,1,1,1,0,0,0,0,7073,1,1,0
360,25313,0,2,1,1,7491,13,0,0,7064,0,1,1
363,51088,0,1,1,1,0,0,0,0,7057,0,1,0
364,95305,0,1,1,1,3189,13,0,0,7054,0,1,0
366,11660,0,1,1,1,140,1,0,0,7050,0,1,0
368,16200,0,1,1,1,160,1,0,0,7043,0,1,0
369,38227,0,2,1,1,8612,13,0,0,7036,0,1,1
371,53985,0,1,1,1,1000,1,0,0,7029,1,1,0
372,14414,0,1,1,1,0,0,0,0,7024,0,1,0
373,44457,0,1,1,1,225,3,0,0,7026,0,1,0
375,138020,0,1,1,1,6568,15,0,0,7024,1,0,-1
378,149678,0,1,1,1,0,0,0,0,7022,0,1,-1
379,15113,0,2,1,1,10574,19,0,0,7017,1,0,1
383,24598,0,1,1,1,0,0,0,0,7040,0,1,0
384,76150,0,4,1,1,36907,17,0,0,6998,0,0,3
390,67086,0,3,1,1,18157,16,0,0,6974,0,0,2
391,35969,0,2,1,1,11665,21,0,0,6977,0,0,-1
393,53790,0,4,1,1,28717,19,0,0,8296,1,0,3
395,91939,0,1,1,1,1244,8,0,0,8296,0,1,0
397,54842,0,3,1,1,20792,15,0,0,8296,1,0,2
399,16999,0,1,1,1,140,1,0,0,8296,0,1,0
400,114713,0,1,1,1,7142,18,0,0,8296,0,0,-1
401,1612,0,1,1,1,955,9,0,0,8296,0,1,0
402,97763,0,1,1,1,2000,9,0,0,8296,0,1,0
403,15129,0,1,1,1,0,0,0,0,8296,0,1,0
404,15669,0,1,1,1,1205,4,0,0,8296,0,1,0
405,26720,0,1,1,1,913,3,0,0,8296,0,1,0
408,127297,0,2,1,1,8510,12,0,0,8296,0,0,-1
409,8927,0,1,1,1,0,0,0,0,8296,0,1,0
412,6458,0,1,1,1,0,0,0,0,8296,0,1,0
414,5581,0,1,1,1,0,0,0,0,8296,0,1,0
415,10732,0,1,1,1,1296,6,0,0,8296,0,1,0
417,68963,0,4,1,1,37723,15,0,0,8296,0,0,3
420,58452,0,1,1,1,0,0,0,0,8296,0,1,0
421,109087,0,2,1,1,10462,16,0,0,8296,1,0,-1
422,68286,0,3,1,1,22831,13,0,0,8296,1,0,2
423,68464,0,1,1,1,240,3,0,0,8296,1,1,0
427,23529,0,1,1,1,500,1,0,0,8296,0,1,0
428,190295,0,4,1,1,3501,15,0,0,8296,0,0,-1
432,60493,0,1,1,1,9000,1,0,0,8289,0,1,0
435,78028,0,4,1,1,36269,24,0,0,8289,0,0,-1
437,17575,0,1,1,1,0,0,0,0,8289,1,1,0
438,50431,0,1,1,1,1000,1,0,0,8289,1,1,0
441,2494,0,1,1,1,0,0,0,0,8289,0,1,0
442,96031,0,4,1,1,46588,21,0,0,8289,0,0,-1
444,50052,0,4,1,1,49383,13,0,0,8289,1,0,-1
445,13381,0,1,1,1,1000,8,0,0,8289,0,1,0
446,25123,0,1,1,1,2030,6,0,0,8289,0,1,0
449,24038,0,2,1,1,6290,14,0,0,8289,0,1,1
453,14732,0,1,1,1,100,1,0,0,8289,0,1,0
456,175461,0,4,1,1,40997,14,0,0,8289,1,0,-1
457,52953,0,1,1,1,500,1,0,0,8289,0,1,0
458,182291,0,3,1,1,24155,22,0,0,8289,0,0,-1
461,22772,0,1,1,1,0,0,0,0,8289,0,1,0
463,158483,0,2,1,1,9018,11,0,0,8289,0,0,-1
464,43285,0,4,1,1,28613,14,0,0,8252,1,0,3
465,52980,0,3,1,1,17078,14,0,0,8237,0,0,2
466,74342,0,1,1,1,4389,12,0,0,8228,0,1,0
467,139849,0,3,1,1,19946,15,0,0,8228,1,0,2
468,26080,0,2,1,1,9872,13,0,0,8228,1,0,1
469,29469,0,1,1,1,2522,4,0,0,8228,0,1,0
470,189252,0,1,1,1,2991,15,0,0,8228,0,0,-1
474,83590,0,1,1,1,3708,22,0,0,8228,0,0,-1
476,5600,0,1,1,1,125,1,0,0,8228,0,1,0
486,38716,0,2,1,1,8253,21,0,0,8114,0,0,-1
491,40645,0,3,1,1,18348,13,0,0,8067,1,0,2
496,2701,0,1,1,1,5000,10,0,0,8002,1,1,0
499,12742,0,1,1,1,0,0,0,0,7966,0,1,0
501,10994,0,1,1,1,1250,3,0,0,8007,0,1,0
502,2318,0,2,1,1,8747,14,0,0,7945,1,1,1
503,11070,0,1,1,1,0,0,0,0,7939,1,1,0
504,21921,0,1,1,1,0,0,0,0,7939,0,1,0
507,86112,0,4,1,1,35528,22,0,0,8105,0,0,-1
508,18328,0,1,1,1,0,0,0,0,6790,0,1,0
510,11504,0,1,1,1,100,1,0,0,6675,0,1,0
512,160703,0,4,1,1,32560,12,0,0,6666,0,0,3
513,910,0,1,1,1,5172,13,0,0,6662,1,1,0
514,94105,0,1,1,1,100,1,0,0,6676,0,1,0
515,18422,0,1,1,1,3297,13,0,0,6653,0,1,0
519,26149,0,1,1,1,5190,6,0,0,6646,0,1,0
520,76933,0,4,1,1,28075,17,0,0,6646,0,0,3
522,22878,0,1,1,1,9039,32,0,0,6641,1,0,-1
524,134060,0,4,1,1,46606,13,0,0,6637,0,0,-1
526,28930,0,1,1,1,8185,17,0,0,6630,0,1,0
529,25395,0,1,1,1,2000,1,0,0,6624,0,1,0
530,109248,0,1,1,1,6828,11,0,0,6618,1,1,0
531,43387,0,1,1,1,4942,13,0,0,6613,0,1,0
532,52423,0,4,1,1,26926,13,0,0,6611,1,0,3
534,5410,0,4,1,1,45890,22,0,0,6603,1,0,-1
535,18177,0,3,1,1,12040,12,0,0,6690,1,0,2
539,16648,0,1,1,1,625,4,0,0,6588,0,1,0
541,31478,0,3,1,1,18885,18,0,0,6578,1,0,2
543,49052,0,4,1,1,46718,17,0,0,6575,1,0,3
544,21689,0,1,1,1,0,0,0,0,6570,0,1,0
545,18302,0,1,1,1,2197,10,0,0,6569,0,1,0
546,26220,0,1,1,1,2775,11,0,0,6647,0,1,0
547,59552,0,1,1,1,7551,22,0,0,6473,1,0,-1
548,34962,0,1,1,1,252,3,0,0,6208,0,1,0
549,16153,0,1,1,1,180,1,0,0,6491,0,1,0
551,202636,0,1,1,1,19000,5,0,0,6119,1,0,-1
553,63311,0,4,1,1,25048,14,0,0,6634,1,0,3
556,122700,0,3,1,1,18604,13,0,0,6556,0,0,2
558,13873,0,1,1,1,4833,20,0,0,6519,0,1,0
559,148,0,1,1,1,190,2,0,0,6507,0,1,0
560,178919,0,3,1,1,23387,17,0,0,6555,1,0,-1
562,19702,0,1,1,1,3000,1,0,0,6554,1,1,0
563,18820,0,1,1,1,0,0,0,0,6549,0,1,0
566,4528,0,1,1,1,290,1,0,0,6565,0,1,0
567,40418,0,3,1,1,12678,12,0,0,6541,1,0,2
570,71235,0,4,1,1,41004,14,0,0,6535,0,0,3
574,35738,0,4,1,1,41264,16,0,0,6526,1,0,3
575,313,0,1,1,1,1600,1,0,0,6525,0,1,0
576,55703,0,1,1,1,0,0,0,0,6520,0,1,0
577,11613,0,1,1,1,2000,1,0,0,6519,1,1,0
578,65672,0,4,1,1,29089,13,0,0,6529,0,0,3
579,84785,0,1,1,1,4570,14,0,0,6514,0,1,0
582,51830,0,1,1,1,0,0,0,0,6507,0,1,0
584,3294,0,1,1,1,1330,2,0,0,6498,0,1,0
586,8250,0,1,1,1,250,2,0,0,6486,0,1,0
589,58421,0,1,1,1,1000,1,0,0,6532,0,1,0
590,33443,0,1,1,1,0,0,0,0,6476,0,1,0
591,13886,0,1,1,1,0,0,0,0,6465,0,1,0
592,15349,0,1,1,1,250,2,0,0,6457,0,1,0
593,78712,0,1,1,1,0,0,0,0,6433,0,1,0
594,89742,0,4,1,1,39073,13,0,0,6498,0,0,3
595,31311,0,1,1,1,3961,10,0,0,6494,0,1,0
597,136161,0,1,1,1,6032,15,0,0,6463,0,0,-1
599,9998,0,1,1,1,0,0,0,0,6448,0,1,0
600,37904,0,3,1,1,19052,17,0,0,6487,1,0,2
603,5351,0,1,1,1,100,1,0,0,6450,0,1,0
604,23334,0,1,1,1,0,0,0,0,6441,0,1,0
605,11255,0,1,1,1,0,0,0,0,6428,0,1,0
606,48127,0,4,1,1,41447,28,0,0,6421,1,0,-1
608,158895,0,4,1,1,41954,15,0,0,6525,0,0,3
609,34540,0,4,1,1,27882,13,0,0,6494,0,0,3
611,126409,0,4,1,1,28460,13,0,0,6478,0,0,3
612,112843,0,3,1,1,16137,14,0,0,6472,1,0,2
614,7216,0,3,1,1,21419,18,0,0,6470,1,0,2
615,26412,0,1,1,1,5086,2,0,0,6552,0,1,0
617,1846,0,1,1,1,450,1,0,0,6471,0,1,0
618,45830,0,2,1,1,23404,10,0,0,6459,0,0,-1
621,39601,0,1,1,1,3733,9,0,0,6450,1,1,0
622,46142,0,3,1,1,14445,13,0,0,6452,1,0,2
625,122928,0,3,1,1,12211,14,0,0,6443,0,0,2
629,29861,0,4,1,1,28190,15,0,0,6407,1,0,3
630,126148,0,2,1,1,6273,8,0,0,6435,0,0,-1
635,67615,0,3,1,1,14168,13,0,0,6413,0,0,2
640,18111,0,1,1,1,4625,26,0,0,6463,0,1,-1
641,41526,0,1,1,1,0,0,0,0,6406,0,1,0
642,38021,0,1,1,1,5538,9,0,0,6407,0,1,0
643,17500,0,1,1,1,0,0,0,0,6400,0,1,0
644,5906,0,1,1,1,280,1,0,0,6395,0,1,0
645,70133,0,2,1,1,7396,16,0,0,6392,0,0,1
647,82605,0,3,1,1,23049,15,0,0,6417,0,0,2
649,15219,0,1,1,1,0,0,0,0,6427,1,1,0
650,54889,0,2,1,1,13150,4,0,0,6438,0,1,1
653,10484,0,1,1,1,0,0,0,0,6375,0,1,0
654,15496,0,1,1,1,0,0,0,0,6324,0,1,0
655,16714,0,1,1,1,0,0,0,0,6214,0,1,0
656,25835,0,3,1,1,15153,15,0,0,6142,1,0,2
657,3487,0,1,1,1,710,1,0,0,6059,0,1,0
664,25685,0,1,1,1,185,3,0,0,6382,0,1,0
665,50500,0,1,1,1,4765,14,0,0,6380,0,1,0
666,97486,0,3,1,1,22707,15,0,0,6387,0,0,2
668,11821,0,1,1,1,10697,10,0,0,6387,1,1,0
669,37039,0,4,1,1,29976,18,0,0,6375,0,0,3
670,28306,0,1,1,1,233,3,0,0,6371,0,1,0
675,104824,0,3,1,1,14582,15,0,0,6366,0,0,2
676,16061,0,1,1,1,2750,11,0,0,6366,0,1,0
677,55237,0,2,1,1,5547,14,0,0,6358,0,0,1
681,18661,0,1,1,1,0,0,0,0,6352,0,1,0
682,89668,0,4,1,1,29130,14,0,0,6350,0,0,3
687,9601,0,3,1,1,20467,16,0,0,6338,1,0,2
690,9483,0,1,1,1,1000,1,0,0,6340,0,1,0
694,37381,0,1,1,1,6091,16,0,0,6332,0,1,0
698,79479,0,3,1,1,23167,13,0,0,6118,0,0,2
700,20162,0,1,1,1,2750,15,0,0,6324,0,1,0
701,105683,0,4,1,1,28386,17,0,0,6361,0,0,3
705,57909,0,1,1,1,5150,4,0,0,6323,0,1,0
706,17949,0,1,1,1,0,0,0,0,6312,0,1,0
708,71543,0,1,1,1,0,0,0,0,6305,0,1,0
709,111897,0,3,1,1,14728,14,0,0,6310,0,0,2
710,61598,0,1,1,1,0,0,0,0,6311,0,1,0
713,32774,0,1,1,1,0,0,0,0,6304,1,1,0
717,30973,0,1,1,1,0,0,0,0,6298,0,1,0
719,16803,0,1,1,1,1287,6,0,0,6291,0,1,0
721,48161,0,4,1,1,41174,24,0,0,6294,1,0,-1
722,21616,0,1,1,1,0,0,0,0,6291,0,1,0
723,13114,0,2,1,1,14029,13,0,0,6289,1,1,1
725,52987,0,3,1,1,17510,15,0,0,6289,0,0,2
727,19002,0,3,1,1,22675,21,0,0,6277,1,0,2
730,65466,0,2,1,1,5488,13,0,0,6280,0,0,1
731,64280,0,3,1,1,21721,18,0,0,6280,1,0,2
732,14523,0,1,1,1,4197,4,0,0,6276,1,1,0
734,9157,0,1,1,1,75,2,0,0,6274,0,1,0
737,40567,0,3,1,1,18122,16,0,0,6268,0,0,2
738,43090,0,3,1,1,11411,10,0,0,6259,0,0,2
739,1875,0,1,1,1,1250,3,0,0,6266,0,1,0
740,126555,0,4,1,1,41253,19,0,0,6280,1,0,3
741,16472,0,4,1,1,45517,12,0,0,6262,1,0,-1
742,21270,0,1,1,1,318,10,0,0,6256,0,1,0
743,33410,0,1,1,1,818,12,0,0,6255,0,1,0
744,15750,0,1,1,1,1065,3,0,0,6254,1,1,0
745,104665,0,2,1,1,9547,12,0,0,6249,0,0,1
747,41967,0,1,1,1,2125,10,0,0,6247,0,1,0
750,127693,0,3,1,1,17383,15,0,0,6246,1,0,2
751,52050,0,4,1,1,43190,14,0,0,6245,1,0,3
752,37162,0,1,1,1,0,0,0,0,6241,0,1,0
758,11820,0,1,1,1,2045,5,0,0,6227,0,1,0
759,20810,0,1,1,1,1713,13,0,0,6225,0,1,0
761,96477,0,1,1,1,2987,13,0,0,6221,1,1,0
763,33374,0,3,1,1,20441,13,0,0,6214,1,0,2
765,26740,0,1,1,1,619,7,0,0,6213,0,1,0
767,76737,0,4,1,1,34648,31,0,0,6211,0,0,-1
768,20999,0,3,1,1,15914,13,0,0,6206,1,0,2
769,43179,0,3,1,1,11915,6,0,0,6214,1,0,2
770,119214,0,2,1,1,10028,16,0,0,6205,1,0,1
771,14988,0,1,1,1,2100,10,0,0,6203,0,1,0
772,21334,0,1,1,1,5472,20,0,0,6200,0,1,0
776,14662,0,1,1,1,1110,12,0,0,6197,0,1,0
777,13144,0,3,1,1,18615,18,0,0,6196,1,0,2
778,10978,0,3,1,1,14313,11,0,0,6193,1,0,2
780,18035,0,1,1,1,811,2,0,0,6193,0,1,0
781,194604,0,2,1,1,6606,10,0,0,6190,0,0,-1
783,32356,0,3,1,1,22918,19,0,0,6571,0,0,2
785,23431,0,1,1,1,3546,10,0,0,6182,0,1,0
786,37773,0,2,1,1,8436,15,0,0,6179,1,0,1
789,15088,0,1,1,1,5625,15,0,0,6177,1,1,0
792,15064,0,1,1,1,2910,9,0,0,6171,1,1,0
793,19032,0,1,1,1,2375,12,0,0,6169,0,1,0
794,66434,0,3,1,1,13041,13,0,0,6230,0,0,2
795,146097,0,2,1,1,6919,16,0,0,6165,0,0,-1
796,8207,0,1,1,1,1750,7,0,0,6184,0,1,0
798,147472,0,3,1,1,20645,16,0,0,6163,1,0,2
801,102339,0,4,1,1,47498,19,0,0,6156,0,0,-1
802,149167,0,4,1,1,48521,13,0,0,6155,0,0,-1
803,105249,0,4,1,1,36093,15,0,0,6153,1,0,3
805,70391,0,1,1,1,6000,4,0,0,6150,1,1,0
806,74645,0,4,1,1,40367,18,0,0,6147,1,0,3
807,26939,0,4,1,1,29264,15,0,0,6148,1,0,3
809,7421,0,1,1,1,0,0,0,0,6142,1,1,0
811,17599,0,1,1,1,100,1,0,0,6029,0,1,0
812,5594,0,1,1,1,370,1,0,0,5835,0,1,0
813,66122,0,3,1,1,11756,13,0,0,5630,1,0,2
814,12024,0,1,1,1,0,0,0,0,5119,0,1,0
818,59546,0,3,1,1,20730,4,0,0,6135,0,0,2
819,1258,0,1,1,1,475,4,0,0,6134,0,1,0
823,97349,0,4,1,1,42774,14,0,0,6128,0,0,3
825,24011,0,2,1,1,20442,9,0,0,6123,1,0,-1
826,64538,0,1,1,1,0,0,0,0,6123,0,1,0
827,3832,0,1,1,1,1000,1,0,0,6120,0,1,0
829,36790,0,1,1,1,7158,14,0,0,6133,0,1,0
831,179382,0,1,1,1,4225,7,0,0,6115,0,0,-1
834,54265,0,1,1,1,0,0,0,0,6109,0,1,0
835,69959,0,3,1,1,16504,13,0,0,6108,0,0,2
837,48321,0,1,1,1,0,0,0,0,6102,0,1,0
841,75413,0,4,1,1,31726,18,0,0,6094,0,0,3
844,18932,0,3,1,1,24660,22,0,0,6091,1,0,2
846,136664,0,4,1,1,36024,15,0,0,6086,0,0,3
847,173191,0,4,1,1,31503,13,0,0,6084,1,0,3
848,16528,0,1,1,1,250,2,0,0,6081,0,1,0
851,144171,0,4,1,1,33200,15,0,0,6073,0,0,3
853,144973,0,3,1,1,23703,14,0,0,6280,0,0,2
855,96387,0,4,1,1,43512,20,0,0,6065,1,0,3
857,44307,0,2,1,1,7944,8,0,0,6060,0,1,1
859,20126,0,1,1,1,0,0,0,0,6053,0,1,0
863,6371,0,1,1,1,1404,8,0,0,5905,0,1,0
864,95595,0,3,1,1,12060,14,0,0,5877,0,0,2
865,51843,0,4,1,1,40997,17,0,0,5859,0,0,3
866,84868,0,4,1,1,33187,15,0,0,6057,0,0,3
868,58620,0,1,1,1,2125,10,0,0,6051,0,1,0
870,93473,0,3,1,1,20257,15,0,0,6049,0,0,2
872,195563,0,3,1,1,16715,13,0,0,6042,0,0,-1
873,21138,0,1,1,1,4500,2,0,0,6031,1,1,0
876,38763,0,4,1,1,34652,13,0,0,6037,1,0,3
877,16430,0,2,1,1,8528,12,0,0,6036,1,1,1
878,61440,0,2,1,1,8156,25,0,0,6032,0,0,-1
881,76702,0,3,1,1,21568,17,0,0,6025,1,0,2
882,19348,0,3,1,1,17059,19,0,0,6022,1,0,2
883,31669,0,2,1,1,8384,15,0,0,6018,1,1,1
885,16906,0,1,1,1,2750,15,0,0,6017,0,1,0
887,10152,0,1,1,1,0,0,0,0,6010,0,1,0
888,21461,0,3,1,1,40806,28,0,0,6011,1,0,-1
889,28979,0,2,1,1,6494,12,0,0,6010,0,1,1
893,37832,0,1,1,1,0,0,0,0,6004,0,1,0
896,20665,0,3,1,1,19947,16,0,0,5997,1,0,2
897,5546,0,1,1,1,2631,6,0,0,5995,1,1,0
898,91736,0,4,1,1,26724,14,0,0,5994,0,0,3
903,104338,0,1,1,1,2500,1,0,0,5982,0,1,0
904,38312,0,4,1,1,37419,14,0,0,5980,1,0,3
905,1860,0,1,1,1,65,2,0,0,5976,0,1,0
909,27876,0,1,1,1,0,0,0,0,5972,0,1,0
910,115533,0,2,1,1,8867,15,0,0,5968,0,0,1
914,120476,0,2,1,1,9406,14,0,0,5870,0,0,1
917,32141,0,1,1,1,3500,14,0,0,5768,0,1,0
918,967,0,1,1,1,980,2,0,0,5716,0,1,0
919,20281,0,1,1,1,0,0,0,0,5567,0,1,0
921,2111,0,1,1,1,100,1,0,0,5962,0,1,0
923,4600,0,1,1,1,140,1,0,0,5959,0,1,0
926,40189,0,1,1,1,0,0,0,0,5952,1,1,0
927,21747,0,1,1,1,0,0,0,0,5638,1,1,0
931,25512,0,1,1,1,0,0,0,0,5393,0,1,0
932,28519,0,1,1,1,2125,2,0,0,5405,0,1,0
934,163964,0,3,1,1,11385,11,0,0,5948,1,0,-1
938,17739,0,1,1,1,437,4,0,0,5941,0,1,0
940,34428,0,1,1,1,2625,10,0,0,5938,0,1,0
942,17336,0,1,1,1,2375,12,0,0,5934,0,1,0
944,29125,0,3,1,1,10930,14,0,0,5945,0,0,2
945,83848,0,4,1,1,28202,14,0,0,5927,0,0,3
947,124869,0,3,1,1,30116,16,0,0,5924,0,0,2
948,39233,0,4,1,1,27545,13,0,0,5920,1,0,3
949,13050,0,3,1,1,13617,16,0,0,5920,1,0,2
950,90855,0,3,1,1,23992,13,0,0,5919,0,0,2
952,3663,0,1,1,1,894,10,0,0,5916,1,1,0
954,31319,0,1,1,1,7552,5,0,0,5912,0,1,0
955,40757,0,3,1,1,14002,11,0,0,5912,0,0,2
957,125077,0,3,1,1,21881,14,0,0,5905,0,0,2
959,38150,0,3,1,1,16688,15,0,0,5854,1,0,2
960,20342,0,1,1,1,3291,9,0,0,5829,0,1,0
961,45781,0,2,1,1,6498,13,0,0,5801,0,1,1
962,144525,0,1,1,1,2833,4,0,0,5785,0,1,-1
963,37571,0,2,1,1,7197,15,0,0,5762,0,1,1
964,112013,0,3,1,1,24943,14,0,0,5734,0,0,2
965,30638,0,3,1,1,48963,16,0,0,5696,1,0,-1
967,11447,0,1,1,1,1945,13,0,0,5902,0,1,0
968,17778,0,1,1,1,0,0,0,0,5897,0,1,0
970,118572,0,3,1,1,21426,19,0,0,5892,0,0,2
971,13720,0,1,1,1,0,0,0,0,5884,0,1,0
972,11030,0,1,1,1,0,0,0,0,5884,0,1,0
975,26367,0,3,1,1,19649,15,0,0,5874,1,0,2
978,11782,0,1,1,1,0,0,0,0,5864,0,1,0
981,15108,0,1,1,1,2850,16,0,0,5876,0,1,0
984,61227,0,2,1,1,6957,10,0,0,5647,0,1,1
985,2117,0,1,1,1,769,7,0,0,5609,0,1,0
989,55661,0,3,1,1,15107,13,0,0,5387,0,0,2
990,84949,0,4,1,1,41854,15,0,0,5336,0,0,3
992,155587,0,1,1,1,6893,9,0,0,5279,0,0,-1
993,24310,0,1,1,1,2815,6,0,0,5266,0,1,0
996,70671,0,1,1,1,0,0,0,0,5850,0,1,0
997,31593,0,1,1,1,3128,12,0,0,5846,1,1,0
998,101397,0,3,1,1,19173,12,0,0,5847,0,0,2
999,133052,0,3,1,1,17424,15,0,0,5843,0,0,2
1000,37252,0,3,1,1,15774,19,0,0,5842,0,0,2
1001,15241,0,1,1,1,0,0,0,0,5840,0,1,0
1002,21101,0,1,1,1,7171,32,0,0,5839,1,0,-1
1003,80612,0,4,1,1,32334,20,0,0,5839,0,0,3
1005,5274,0,1,1,1,2074,11,0,0,5834,1,1,0
1006,101089,0,3,1,1,23503,17,0,0,5834,0,0,2
1007,7560,0,1,1,1,0,0,0,0,5833,0,1,0
1012,89527,0,3,1,1,22206,14,0,0,5821,1,0,2
1014,49430,0,4,1,1,31471,16,0,0,5822,0,0,3
1016,124004,0,2,1,1,9982,12,0,0,5815,0,0,1
1017,10497,0,1,1,1,0,0,0,0,5815,0,1,0
1019,25463,0,2,1,1,7973,14,0,0,5813,0,1,1
1020,85036,0,4,1,1,43825,21,0,0,5807,1,0,3
1021,11449,0,1,1,1,24415,11,0,0,5864,1,1,-1
1022,54392,0,1,1,1,0,0,0,0,5807,0,1,0
1023,52577,0,1,1,1,441,12,0,0,5804,0,1,0
1024,80174,0,1,1,1,500,1,0,0,5804,1,1,0
1026,9489,0,1,1,1,5359,14,0,0,5807,1,1,0
1027,57587,0,1,1,1,2620,6,0,0,5799,1,1,0
1028,131306,0,3,1,1,32115,15,0,0,5797,0,0,2
1029,39985,0,3,1,1,15103,21,0,0,5794,0,0,2
1034,7800,0,1,1,1,200,1,0,0,5787,0,1,0
1035,27348,0,1,1,1,3084,4,0,0,5824,0,1,0
1037,42990,0,1,1,1,5345,3,0,0,5804,0,1,0
1038,16664,0,1,1,1,0,0,0,0,5778,1,1,0
1039,37618,0,3,1,1,17385,7,0,0,5818,0,0,2
1040,53384,0,3,1,1,16907,12,0,0,5778,0,0,2
1042,113683,0,3,1,1,11821,12,0,0,5773,0,0,2
1048,36935,0,4,1,1,34448,17,0,0,5766,1,0,3
1049,67904,0,1,1,1,81,1,0,0,5764,0,1,0
1050,57434,0,2,1,1,11140,16,0,0,5770,1,0,1
1051,11031,0,1,1,1,1600,5,0,0,5762,0,1,0
1054,9430,0,3,1,1,11323,13,0,0,5756,1,0,2
1056,9793,0,1,1,1,3100,2,0,0,5755,0,1,0
1057,34690,0,3,1,1,18124,14,0,0,5752,1,0,2
1059,63547,0,4,1,1,31745,14,0,0,5748,0,0,3
1061,14106,0,1,1,1,475,4,0,0,5749,0,1,0
1065,45358,0,3,1,1,14507,9,0,0,5735,0,0,2
1073,96988,0,2,1,1,7761,14,0,0,5715,0,0,1
1076,39313,0,3,1,1,24091,16,0,0,5706,1,0,2
1080,37163,0,3,1,1,19318,14,0,0,4988,0,0,2
1081,6158,0,4,1,1,27754,14,0,0,5546,1,0,3
1082,108904,0,3,1,1,19931,17,0,0,5255,0,0,2
1084,68454,0,3,1,1,13667,12,0,0,5559,0,0,2
1085,70877,0,2,1,1,8956,15,0,0,5696,0,0,1
1086,1057,0,1,1,1,433,5,0,0,5622,0,1,0
1088,16992,0,1,1,1,0,0,0,0,5582,0,1,0
1089,2558,0,1,1,1,6264,10,0,0,5581,1,1,0
1090,196093,0,1,1,1,14000,3,0,0,5595,1,0,-1
1093,88500,0,1,1,1,2500,2,0,0,5090,0,1,0
1094,8719,0,1,1,1,2000,9,0,0,5671,0,1,0
1095,36936,0,1,1,1,2875,16,0,0,5492,1,1,0
1098,75428,0,2,1,1,7539,14,0,0,5609,0,0,1
1099,34383,0,3,1,1,22956,12,0,0,5611,1,0,2
1100,82120,0,1,1,1,8000,3,0,0,5619,0,1,0
1101,34546,0,1,1,1,1500,2,0,0,5612,0,1,0
1102,92641,0,1,1,1,5265,6,0,0,5568,0,1,0
1104,19960,0,1,1,1,0,0,0,0,4896,0,1,0
1105,47150,0,4,1,1,39561,18,0,0,5577,1,0,3
1108,68610,0,2,1,1,6115,12,0,0,5349,1,1,1
1109,75684,0,2,1,1,27320,9,0,0,5316,0,0,-1
1110,42438,0,1,1,1,519,10,0,0,5349,0,1,0
1112,24545,0,1,1,1,0,0,0,0,5671,0,1,0
1113,84633,0,3,1,1,10771,10,0,0,5479,0,0,2
1116,47938,0,3,1,1,12656,13,0,0,5708,0,0,2
1119,22585,0,1,1,1,3430,3,0,0,5689,0,1,0
1121,73640,0,2,1,1,10192,14,0,0,5156,0,0,1
1128,69337,0,3,1,1,17740,13,0,0,5667,0,0,2
1129,140866,0,3,1,1,15906,17,0,0,5672,0,0,2
1131,82078,0,4,1,1,40279,9,0,0,5664,0,0,3
1132,33327,0,1,1,1,1000,1,0,0,5664,0,1,0
1133,95783,0,3,1,1,14506,13,0,0,5659,0,0,2
1137,140511,0,4,1,1,32105,16,0,0,5651,0,0,3
1139,28223,0,2,1,1,8625,12,0,0,5651,0,1,1
1141,1625,0,1,1,1,1375,4,0,0,1547,0,1,0
1144,14769,0,1,1,1,500,1,0,0,5639,0,1,0
1145,37215,0,2,1,1,8199,8,0,0,5637,0,1,1
1148,24418,0,2,1,1,12533,13,0,0,5626,1,1,1
1150,144570,0,4,1,1,49052,15,0,0,5617,1,0,-1
1151,24813,0,1,1,1,4066,10,0,0,5225,0,1,0
1153,22116,0,3,1,1,20809,14,0,0,5463,1,0,2
1154,8516,0,1,1,1,0,0,0,0,5566,0,1,0
1156,16872,0,1,1,1,28964,7,0,0,5479,1,1,-1
1157,62895,0,1,1,1,8500,4,0,0,5520,1,1,0
1159,2261,0,1,1,1,15062,2,0,0,5556,1,1,0
1163,39654,0,1,1,1,1625,6,0,0,5518,0,1,0
1164,25214,0,1,1,1,1000,1,0,0,5598,0,1,0
1165,48775,0,3,1,1,17494,15,0,0,5588,0,0,2
1168,23130,0,1,1,1,5032,10,0,0,5500,0,1,0
1169,100443,0,3,1,1,12744,21,0,0,5492,0,0,2
1171,31769,0,1,1,1,0,0,0,0,5464,0,1,0
1172,60170,0,3,1,1,17235,14,0,0,5351,1,0,2
1173,33373,0,1,1,1,0,0,0,0,5427,0,1,0
1174,59385,0,3,1,1,22914,11,0,0,5476,0,0,2
1176,23379,0,2,1,1,11712,25,0,0,5499,1,0,-1
1177,22372,0,3,1,1,14766,12,0,0,4950,0,0,2
1178,23120,0,1,1,1,4231,7,0,0,5615,0,1,0
1181,12091,0,4,1,1,29271,15,0,0,5609,1,0,3
1182,56451,0,2,1,1,9302,11,0,0,5597,1,1,1
1185,4137,0,3,1,1,15891,19,0,0,5588,1,0,2
1187,36644,0,3,1,1,14506,13,0,0,5583,0,0,2
1190,42351,0,4,1,1,28959,14,0,0,5594,0,0,3
1191,34450,0,1,1,1,26996,7,0,0,5566,0,1,-1
1192,4151,0,1,1,1,375,3,0,0,5570,0,1,0
1195,76742,0,3,1,1,17910,13,0,0,5547,0,0,2
1196,27993,0,1,1,1,6000,3,0,0,5542,0,1,0
1197,67770,0,3,1,1,23960,15,0,0,5539,0,0,2
1198,30554,0,4,1,1,38243,25,0,0,5324,1,0,-1
1201,6584,0,1,1,1,0,0,0,0,5118,0,1,0
1202,17489,0,1,1,1,5565,4,0,0,5380,0,1,0
1203,28941,0,1,1,1,2935,6,0,0,4692,0,1,0
1204,19085,0,1,1,1,827,11,0,0,5244,0,1,0
1206,8320,0,1,1,1,0,0,0,0,5164,0,1,0
1207,13640,0,1,1,1,1500,5,0,0,4923,0,1,0
1209,30594,0,1,1,1,3250,12,0,0,5017,0,1,0
1210,11162,0,1,1,1,0,0,0,0,4950,0,1,0
1211,15964,0,1,1,1,0,0,0,0,5325,0,1,0
1213,5583,0,1,1,1,3147,14,0,0,5365,1,1,0
1214,38822,0,1,1,1,2000,9,0,0,5304,0,1,0
1215,2305,0,1,1,1,0,0,0,0,5105,0,1,0
1216,39372,0,1,1,1,4296,10,0,0,5190,0,1,0
1217,25125,0,1,1,1,1875,8,0,0,5147,1,1,0
1218,10288,0,1,1,1,1250,3,0,0,5532,0,1,0
1224,131992,0,3,1,1,12504,16,0,0,5372,0,0,2
1225,2278,0,1,1,1,0,0,0,0,5175,0,1,0
1227,8740,0,1,1,1,1250,3,0,0,5395,0,1,0
1229,26748,0,3,1,1,11981,14,0,0,5408,1,0,2
1231,10009,0,1,1,1,0,0,0,0,5353,0,1,0
1235,71503,0,1,1,1,7819,17,0,0,5080,1,1,0
1236,110247,0,3,1,1,13690,16,0,0,5272,0,0,2
1240,7239,0,3,1,1,15835,15,0,0,5343,1,0,2
1241,63638,0,1,1,1,0,0,0,0,5155,0,1,0
1243,97752,0,1,1,1,3676,10,0,0,5309,0,1,0
1244,8327,0,1,1,1,0,0,0,0,5268,0,1,0
1245,10179,0,2,1,1,5321,15,0,0,4989,1,1,1
1246,23786,0,1,1,1,16950,4,0,0,5364,0,1,0
1250,15352,0,1,1,1,1350,4,0,0,5359,0,1,0
1251,13522,0,1,1,1,5000,1,0,0,5162,0,1,0
1252,13949,0,1,1,1,0,0,0,0,5374,0,1,0
1254,50016,0,3,1,1,13495,14,0,0,4548,0,0,2
1255,23696,0,2,1,1,5577,10,0,0,5531,0,1,1
1264,29707,0,1,1,1,300,3,0,0,5275,0,1,0
1266,28553,0,3,1,1,13844,5,0,0,5517,0,0,2
1268,17699,0,1,1,1,0,0,0,0,5505,1,1,0
1272,37926,0,3,1,1,25153,7,0,0,5845,0,0,2
1273,58628,0,3,1,1,22581,13,0,0,5471,0,0,2
1276,27469,0,1,1,1,1,3,0,0,5461,0,1,0
1278,7210,0,1,1,1,2402,13,0,0,5449,1,1,0
1279,92402,0,4,1,1,40825,14,0,0,5443,1,0,3
1280,22831,0,1,1,1,4500,15,0,0,5442,1,1,0
1281,59113,0,4,1,1,46808,32,0,0,5435,1,0,-1
1287,74453,0,1,1,1,5500,3,0,0,5181,0,1,0
1288,39601,0,1,1,1,4066,12,0,0,5434,0,1,0
1289,1227,0,1,1,1,0,0,0,0,5786,0,1,0
1290,138254,0,1,1,1,24100,9,0,0,5420,1,0,-1
1291,18046,0,1,1,1,162,4,0,0,5416,1,1,0
1292,108395,0,2,1,1,8598,8,0,0,5416,0,0,1
1293,21839,0,1,1,1,1375,4,0,0,5411,0,1,0
1296,39908,0,4,1,1,45824,29,0,0,5394,1,0,-1
1297,14889,0,1,1,1,1500,2,0,0,5393,0,1,0
1299,69323,0,1,1,1,5140,2,0,0,4786,0,1,0
1300,21599,0,2,1,1,5561,13,0,0,5302,0,1,1
1304,249,0,1,1,1,1000,1,0,0,5204,1,1,0
1307,1511,0,1,1,1,2250,11,0,0,5051,1,1,0
1309,139298,0,1,1,1,0,0,0,0,4965,0,1,-1
1310,82380,0,1,1,1,2601,13,0,0,5071,0,1,0
1314,23023,0,1,1,1,0,0,0,0,5087,0,1,0
1316,15719,0,2,1,1,5740,13,0,0,4974,0,1,1
1317,128676,0,1,1,1,8500,3,0,0,5164,0,1,-1
1320,27243,0,2,1,1,6785,12,0,0,4606,0,1,1
1321,64969,0,1,1,1,1135,13,0,0,4996,0,1,0
1322,6112,0,1,1,1,0,0,0,0,5072,0,1,0
1323,71784,0,4,1,1,39276,20,0,0,4936,0,0,3
1324,31484,0,1,1,1,3125,11,0,0,4117,0,1,0
1325,17995,0,1,1,1,0,0,0,0,4994,0,1,0
1329,74777,0,2,1,1,20630,8,0,0,5384,1,0,-1
1331,22132,0,1,1,1,0,0,0,0,5150,0,1,0
1333,88122,0,3,1,1,19408,13,0,0,5174,0,0,2
1335,4146,0,1,1,1,3750,9,0,0,5210,1,1,0
1336,25272,0,1,1,1,0,0,0,0,5189,0,1,0
1337,21855,0,1,1,1,200,3,0,0,5383,0,1,0
1338,63454,0,4,1,1,49068,13,0,0,5383,1,0,3
1339,24292,0,2,1,1,6558,10,0,0,5276,1,1,1
1340,60168,0,4,1,1,44133,16,0,0,4313,1,0,3
1341,9554,0,1,1,1,2710,3,0,0,5064,1,1,0
1342,30130,0,2,1,1,9192,15,0,0,4993,1,1,1
1343,12665,0,1,1,1,4125,24,0,0,4539,0,1,0
1345,10069,0,1,1,1,200,1,0,0,4933,0,1,0
1346,2224,0,1,1,1,0,0,0,0,5098,0,1,0
1347,40576,0,1,1,1,0,0,0,0,5118,0,1,0
1348,5667,0,1,1,1,5667,4,0,0,4937,0,1,0
1349,59791,0,1,1,1,3254,7,0,0,4602,0,1,0
1352,189235,0,3,1,1,20487,20,0,0,5282,0,0,-1
1353,38604,0,1,1,1,625,5,0,0,5184,0,1,0
1354,73008,0,3,1,1,12930,18,0,0,5050,0,0,2
1359,5320,0,1,1,1,2275,9,0,0,5084,0,1,0
1362,113758,0,3,1,1,12616,14,0,0,5199,0,0,2
1364,39946,0,3,1,1,16951,14,0,0,5282,1,0,2
1365,92859,0,4,1,1,33378,15,0,0,5185,1,0,3
1367,82270,0,2,1,1,24612,6,0,0,5270,1,0,-1
1368,97155,0,2,1,1,10004,3,0,0,5244,0,1,-1
1371,23890,0,4,1,1,35574,19,0,0,5031,1,0,3
1373,7354,0,1,1,1,0,0,0,0,5050,0,1,0
1374,45031,0,1,1,1,1000,1,0,0,5227,0,1,0
1375,16125,0,3,1,1,23288,17,0,0,5210,1,0,2
1378,54189,0,2,1,1,8940,17,0,0,4791,0,0,1
1379,15439,0,1,1,1,490,3,0,0,5147,0,1,0
1381,1000,0,1,1,1,0,0,0,0,4769,0,1,0
1383,21582,0,3,1,1,10811,15,0,0,4695,1,0,2
1384,16866,0,1,1,1,0,0,0,0,5072,0,1,0
1385,86011,0,4,1,1,31769,18,0,0,5381,1,0,3
1386,31786,0,1,1,1,2661,10,0,0,5380,0,1,0
1388,5824,0,1,1,1,0,0,0,0,5401,0,1,0
1389,17587,0,1,1,1,17587,7,0,0,5367,0,1,0
1390,1000,0,1,1,1,0,0,0,0,5367,0,1,0
1394,31134,0,3,1,1,20108,17,0,0,5352,0,0,2
1395,57002,0,1,1,1,2570,13,0,0,5350,0,1,0
1399,14345,0,4,1,1,50752,16,0,0,5487,1,0,-1
1402,156041,0,2,1,1,5644,13,0,0,5324,1,0,-1
1404,11648,0,1,1,1,475,4,0,0,5318,0,1,0
1405,14525,0,1,1,1,4625,28,0,0,5317,0,1,-1
1406,10689,0,1,1,1,2750,15,0,0,5315,0,1,0
1407,37552,0,1,1,1,100,1,0,0,5340,0,1,0
1409,26156,0,3,1,1,23831,16,0,0,5297,1,0,2
1410,32061,0,1,1,1,1100,6,0,0,5295,0,1,0
1412,6000,0,1,1,1,0,0,0,0,5286,0,1,0
1413,30892,0,3,1,1,11474,11,0,0,5283,0,0,2
1414,29263,0,3,1,1,15184,13,0,0,5279,0,0,2
1416,43761,0,1,1,1,5398,16,0,0,5268,0,1,0
1417,21393,0,1,1,1,5040,2,0,0,5262,0,1,0
1422,25302,0,3,1,1,11312,13,0,0,5245,0,0,2
1423,11908,0,1,1,1,0,0,0,0,5240,0,1,0
1424,176982,0,1,1,1,2299,9,0,0,5234,0,0,-1
1426,9071,0,1,1,1,1647,9,0,0,5225,0,1,0
1427,144848,0,4,1,1,37056,15,0,0,5219,0,0,3
1432,32313,0,4,1,1,29188,27,0,0,5397,1,0,-1
1435,18068,0,1,1,1,0,0,0,0,5174,0,1,0
1437,26561,0,1,1,1,100,1,0,0,4926,1,1,0
1440,29667,0,1,1,1,5304,19,0,0,4841,0,1,0
1444,20982,0,4,1,1,44238,18,0,0,4716,1,0,3
1446,22639,0,1,1,1,1840,4,0,0,5168,0,1,0
1448,51402,0,1,1,1,4375,14,0,0,4978,0,1,0
1451,18924,0,1,1,1,4000,18,0,0,5168,0,1,0
1453,193547,0,1,1,1,3544,12,0,0,5153,0,0,-1
1457,72178,0,1,1,1,2100,10,0,0,5139,1,1,0
1458,33964,0,1,1,1,300,3,0,0,5128,0,1,0
1459,94272,0,3,1,1,11098,16,0,0,5121,0,0,2
1461,3578,0,1,1,1,0,0,0,0,5114,0,1,0
1462,29342,0,2,1,1,5835,4,0,0,5153,0,1,1
1465,24660,0,2,1,1,7206,14,0,0,5136,1,1,1
1466,147822,0,4,1,1,42469,18,0,0,5107,1,0,-1
1468,2625,0,1,1,1,125,1,0,0,5087,0,1,0
1469,49438,0,4,1,1,33912,14,0,0,5085,1,0,3
1470,24930,0,3,1,1,13060,9,0,0,5084,0,0,2
1471,89835,0,2,1,1,9058,11,0,0,5080,0,0,1
1472,46734,0,2,1,1,10007,18,0,0,5080,0,0,1
1477,139882,0,4,1,1,47089,15,0,0,4859,0,0,-1
1478,10740,0,1,1,1,0,0,0,0,4926,0,1,0
1479,57330,0,1,1,1,380,3,0,0,4986,0,1,0
1480,33560,0,1,1,1,2600,14,0,0,4604,0,1,0
1481,53210,0,1,1,1,11422,10,0,0,4993,1,1,0
1482,9795,0,1,1,1,0,0,0,0,4960,0,1,0
1483,16984,0,2,1,1,10334,15,0,0,4884,1,1,1
1486,29632,0,1,1,1,0,0,0,0,4898,0,1,0
1488,164307,0,3,1,1,21704,14,0,0,4023,0,0,-1
1489,13490,0,1,1,1,0,0,0,0,4870,0,1,0
1490,36296,0,1,1,1,5780,6,0,0,4600,0,1,0
1493,35094,0,1,1,1,4000,11,0,0,4944,1,1,0
1495,30662,0,1,1,1,0,0,0,0,4996,0,1,0
1496,157452,0,4,1,1,45312,18,0,0,4471,0,0,-1
1497,24266,0,1,1,1,2375,12,0,0,4111,0,1,0
1500,59162,0,1,1,1,2520,7,0,0,4726,0,1,0
1502,30486,0,1,1,1,0,0,0,0,5051,0,1,0
1505,20818,0,1,1,1,15214,4,0,0,5036,0,1,0
1506,106509,0,1,1,1,1113,7,0,0,5036,0,1,0
1508,9002,0,1,1,1,1586,9,0,0,4933,1,1,0
1509,16088,0,3,1,1,17872,15,0,0,4563,1,0,2
1510,10079,0,1,1,1,569,8,0,0,4651,0,1,0
1514,20630,0,1,1,1,2045,4,0,0,4643,0,1,0
1517,36665,0,1,1,1,1625,6,0,0,4747,0,1,0
1522,46074,0,1,1,1,2193,11,0,0,4419,0,1,0
1523,1923,0,1,1,1,1170,2,0,0,4615,0,1,0
1524,46030,0,1,1,1,4375,27,0,0,4566,0,1,-1
1525,31236,0,1,1,1,2250,13,0,0,4523,0,1,0
1526,18351,0,1,1,1,0,0,0,0,4744,0,1,0
1527,4779,0,1,1,1,600,2,0,0,4926,1,1,0
1529,66923,0,3,1,1,17139,12,0,0,4875,0,0,2
1530,24008,0,1,1,1,540,3,0,0,4901,0,1,0
1532,2793,0,1,1,1,8000,3,0,0,4588,1,1,0
1537,7291,0,1,1,1,0,0,0,0,4104,0,1,0
1541,114376,0,4,1,1,33949,15,0,0,5009,1,0,3
1545,19998,0,1,1,1,4309,13,0,0,4995,1,1,0
1551,86069,0,4,1,1,35282,21,0,0,4972,1,0,3
1552,8350,0,1,1,1,2125,10,0,0,4967,0,1,0
1553,26862,0,3,1,1,15510,15,0,0,4965,1,0,2
1555,72623,0,1,1,1,0,0,0,0,4957,0,1,0
1558,53869,0,1,1,1,6750,26,0,0,4940,0,0,-1
1559,5264,0,1,1,1,0,0,0,0,4496,0,1,0
1563,22459,0,1,1,1,104,2,0,0,4215,0,1,0
1564,65021,0,2,1,1,10369,12,0,0,3547,0,1,1
1565,44205,0,4,1,1,28340,13,0,0,3676,0,0,3
1566,18433,0,1,1,1,3174,9,0,0,3930,0,1,0
1567,6341,0,1,1,1,3658,12,0,0,3706,0,1,0
1568,3641,0,1,1,1,1164,3,0,0,3603,0,1,0
1569,39207,0,1,1,1,965,3,0,0,3757,0,1,0
1572,329,0,3,1,1,23492,14,0,0,4868,1,0,2
1573,22424,0,1,1,1,648,2,0,0,3951,0,1,0
1574,36805,0,3,1,1,13018,16,0,0,3799,0,0,2
1575,63437,0,2,1,1,7160,15,0,0,4595,0,0,1
1577,7922,0,1,1,1,0,0,0,0,4491,0,1,0
1579,12612,0,1,1,1,0,0,0,0,4170,0,1,0
1581,51324,0,3,1,1,20533,14,0,0,4408,0,0,2
1582,412,0,1,1,1,13000,1,0,0,4761,1,1,0
1583,8103,0,1,1,1,2750,15,0,0,4776,1,1,0
1585,17388,0,1,1,1,0,0,0,0,4232,0,1,0
1590,85884,0,2,1,1,7742,9,0,0,4692,0,1,1
1591,4236,0,1,1,1,3000,7,0,0,4148,1,1,0
1592,55843,0,1,1,1,6000,3,0,0,4341,1,1,0
1594,5573,0,1,1,1,1958,17,0,0,3714,1,1,0
1595,2080,0,1,1,1,0,0,0,0,4635,0,1,0
1596,43686,0,1,1,1,4039,12,0,0,4328,0,1,0
1597,11001,0,1,1,1,255,5,0,0,4315,0,1,0
1598,10146,0,3,1,1,26633,12,0,0,4509,1,0,2
1599,35062,0,3,1,1,16237,26,0,0,4152,1,0,-1
1600,11866,0,2,1,1,6139,9,0,0,4667,1,1,1
1601,41048,0,1,1,1,1195,3,0,0,4856,0,1,0
1602,25004,0,1,1,1,1113,3,0,0,4860,1,1,0
1604,65952,0,4,1,1,34770,14,0,0,4827,0,0,3
1606,61286,0,1,1,1,1500,5,0,0,4755,0,1,0
1609,98608,0,1,1,1,969,12,0,0,4663,0,1,0
1612,123430,0,4,1,1,49987,17,0,0,4798,1,0,-1
1613,36219,0,1,1,1,4044,10,0,0,4595,0,1,0
1615,3789,0,1,1,1,181,3,0,0,4756,1,1,0
1616,16065,0,1,1,1,0,0,0,0,4456,0,1,0
1618,28733,0,1,1,1,0,0,0,0,4650,0,1,0
1619,26965,0,2,1,1,7346,13,0,0,4653,0,1,1
1621,5074,0,1,1,1,500,1,0,0,4730,0,1,0
1623,23551,0,1,1,1,2375,12,0,0,4663,1,1,0
1624,32015,0,1,1,1,6000,6,0,0,4574,0,1,0
1626,39079,0,1,1,1,3070,5,0,0,4750,0,1,0
1627,108616,0,4,1,1,36476,13,0,0,4644,0,0,3
1628,80154,0,4,1,1,47270,14,0,0,4352,0,0,3
1629,25563,0,1,1,1,303,8,0,0,3511,1,1,0
1630,18007,0,4,1,1,33237,15,0,0,4665,1,0,3
1631,51752,0,3,1,1,25962,20,0,0,4631,0,0,2
1632,21540,0,1,1,1,1188,9,0,0,4791,0,1,0
1636,20681,0,1,1,1,0,0,0,0,4939,0,1,0
1637,155278,0,4,1,1,27200,16,0,0,4926,1,0,3
1641,105588,0,2,1,1,22973,3,0,0,4805,0,0,-1
1642,41366,0,3,1,1,27148,15,0,0,4806,0,0,2
1646,58778,0,4,1,1,28325,13,0,0,4919,0,0,3
1647,38224,0,1,1,1,2587,10,0,0,4824,0,1,0
1650,34941,0,3,1,1,23718,16,0,0,4755,0,0,2
1651,115197,0,3,1,1,17638,24,0,0,4820,0,0,-1
1653,98604,0,3,1,1,17490,15,0,0,4919,1,0,2
1656,23984,0,1,1,1,2737,14,0,0,4905,0,1,0
1657,169947,0,4,1,1,48140,21,0,0,4895,0,0,-1
1659,71610,0,3,1,1,20918,14,0,0,4895,0,0,2
1662,18601,0,1,1,1,100,1,0,0,4888,0,1,0
1664,43326,0,1,1,1,4164,12,0,0,4881,0,1,0
1665,12112,0,1,1,1,0,0,0,0,4882,0,1,0
1666,98343,0,4,1,1,31961,16,0,0,4971,1,0,3
1667,83006,0,4,1,1,45167,13,0,0,4906,1,0,3
1669,78032,0,3,1,1,24046,23,0,0,4862,0,0,-1
1674,92905,0,1,1,1,1766,10,0,0,4827,1,1,0
1675,7430,0,1,1,1,10500,5,0,0,4791,1,1,0
1678,197673,0,4,1,1,48932,15,0,0,4775,1,0,-1
1681,13310,0,1,1,1,0,0,0,0,4755,0,1,0
1686,3580,0,1,1,1,130,3,0,0,4730,0,1,0
1688,4780,0,1,1,1,0,0,0,0,4733,0,1,0
1690,105665,0,4,1,1,31226,13,0,0,4727,1,0,3
1694,80988,0,1,1,1,4413,5,0,0,4707,0,1,0
1700,4087,0,1,1,1,500,4,0,0,4684,0,1,0
1701,40264,0,1,1,1,19137,13,0,0,4684,0,1,0
1702,13290,0,1,1,1,3175,5,0,0,4679,1,1,0
1704,14371,0,4,1,1,28723,13,0,0,4671,1,0,3
1705,25322,0,3,1,1,23821,16,0,0,4673,1,0,2
1706,55356,0,3,1,1,23871,15,0,0,4660,0,0,2
1708,63311,0,4,1,1,29318,11,0,0,4667,0,0,3
1710,2198,0,1,1,1,16070,12,0,0,4658,1,1,-1
1712,7730,0,1,1,1,375,3,0,0,4659,0,1,0
1713,16171,0,1,1,1,2875,16,0,0,4656,0,1,0
1715,35895,0,3,1,1,15720,11,0,0,4649,1,0,2
1716,46578,0,2,1,1,8322,12,0,0,4645,1,1,1
1720,93148,0,2,1,1,7776,18,0,0,4631,0,0,1
1721,27905,0,1,1,1,3794,11,0,0,4628,0,1,0
1724,19479,0,1,1,1,2250,4,0,0,4625,0,1,0
1727,19020,0,1,1,1,330,3,0,0,4614,0,1,0
1728,61172,0,2,1,1,6875,10,0,0,4609,0,1,1
1729,7342,0,1,1,1,0,0,0,0,4604,0,1,0
1731,13046,0,1,1,1,0,0,0,0,4597,1,1,0
1733,77814,0,4,1,1,43914,17,0,0,4587,1,0,3
1735,7545,0,1,1,1,616,6,0,0,4587,0,1,0
1736,26972,0,1,1,1,0,0,0,0,4587,0,1,0
1739,66328,0,4,1,1,40522,14,0,0,4575,0,0,3
1740,51745,0,4,1,1,41377,14,0,0,4606,0,0,3
1742,49708,0,1,1,1,0,0,0,0,4560,0,1,0
1743,46926,0,4,1,1,27889,15,0,0,4554,1,0,3
1746,95109,0,4,1,1,26149,8,0,0,4593,0,0,-1
1747,65706,0,3,1,1,21958,17,0,0,4534,0,0,2
1748,9862,0,1,1,1,31280,15,0,0,4545,1,0,-1
1750,25541,0,1,1,1,660,3,0,0,4520,0,1,0
1751,5580,0,1,1,1,60,2,0,0,4533,0,1,0
1754,92646,0,4,1,1,27177,16,0,0,4523,0,0,3
1755,21110,0,1,1,1,3402,12,0,0,4516,0,1,0
1757,15876,0,1,1,1,0,0,0,0,4512,0,1,0
1758,8957,0,1,1,1,0,0,0,0,4509,0,1,0
1759,5375,0,1,1,1,2000,9,0,0,4509,0,1,0
1760,109114,0,4,1,1,31956,27,0,0,4512,1,0,-1
1761,23432,0,1,1,1,1162,10,0,0,4510,0,1,0
1762,111384,0,4,1,1,26669,14,0,0,4505,0,0,3
1763,69880,0,1,1,1,4635,5,0,0,4552,0,1,0
1764,11289,0,1,1,1,1500,5,0,0,4492,0,1,0
1770,3441,0,1,1,1,1643,6,0,0,4484,0,1,0
1771,35216,0,1,1,1,9959,14,0,0,4481,0,1,0
1772,63036,0,2,1,1,9006,14,0,0,4475,0,0,1
1773,20844,0,1,1,1,20844,10,0,0,4474,0,1,-1
1774,42420,0,1,1,1,1000,1,0,0,4461,0,1,0
1775,36254,0,1,1,1,7232,7,0,0,4453,0,1,0
1776,22412,0,3,1,1,11654,12,0,0,4460,1,0,2
1777,11512,0,1,1,1,3667,14,0,0,4460,0,1,0
1778,1703,0,1,1,1,1230,4,0,0,4390,0,1,0
1782,25577,0,4,1,1,33420,18,0,0,4432,1,0,3
1783,17111,0,3,1,1,13577,10,0,0,4434,1,0,2
1785,67612,0,1,1,1,0,0,0,0,4442,0,1,0
1788,134937,0,1,1,1,500,1,0,0,4427,1,1,-1
1789,121688,0,4,1,1,31631,15,0,0,4420,0,0,3
1790,162410,0,3,1,1,20203,17,0,0,4420,0,0,-1
1793,171946,0,3,1,1,19198,28,0,0,4397,0,0,-1
1794,15737,0,1,1,1,220,3,0,0,4404,0,1,0
1795,77814,0,3,1,1,14786,11,0,0,4394,0,0,2
1798,87366,0,3,1,1,18012,16,0,0,4380,0,0,2
1799,56461,0,4,1,1,40190,14,0,0,4359,1,0,3
1800,46855,0,2,1,1,8845,17,0,0,4379,1,0,1
1801,53027,0,1,1,1,0,0,0,0,4585,0,1,0
1803,61450,0,2,1,1,7927,10,0,0,4383,0,1,1
1804,18538,0,1,1,1,2200,3,0,0,4344,0,1,0
1806,28319,0,3,1,1,18449,13,0,0,4392,1,0,2
1807,107360,0,3,1,1,15641,15,0,0,4423,0,0,2
1809,9753,0,1,1,1,1235,3,0,0,4343,0,1,0
1810,13033,0,1,1,1,1625,6,0,0,4334,0,1,0
1812,104052,0,2,1,1,6016,12,0,0,4331,0,0,1
1813,13878,0,1,1,1,0,0,0,0,4317,0,1,0
1814,7254,0,1,1,1,0,0,0,0,4323,0,1,0
1816,94938,0,3,1,1,12999,21,0,0,4310,0,0,2
1819,66875,0,1,1,1,3206,17,0,0,4308,1,1,0
1820,96026,0,3,1,1,25670,19,0,0,4310,0,0,2
1821,31572,0,1,1,1,0,0,0,0,4299,0,1,0
1822,11834,0,1,1,1,0,0,0,0,4306,1,1,0
1823,23552,0,4,1,1,36165,11,0,0,4300,1,0,3
1824,66052,0,1,1,1,8380,8,0,0,4301,0,1,0
1825,55639,0,1,1,1,2750,15,0,0,4299,1,1,0
1828,17810,0,1,1,1,1375,4,0,0,4294,0,1,0
1829,21915,0,1,1,1,7000,33,0,0,4289,0,0,-1
1833,60049,0,1,1,1,0,0,0,0,4278,1,1,0
1837,91716,0,1,1,1,6978,12,0,0,4267,0,1,0
1839,16495,0,1,1,1,18779,11,0,0,4261,1,1,-1
1840,25963,0,2,1,1,8183,25,0,0,4244,0,0,-1
1841,1701,0,1,1,1,10,1,0,0,4260,1,1,0
1842,73852,0,1,1,1,0,0,0,0,4252,0,1,0
1843,12791,0,1,1,1,0,0,0,0,4246,0,1,0
1844,39020,0,1,1,1,1295,4,0,0,4246,0,1,0
1845,1076,0,3,1,1,11379,8,0,0,4233,1,1,2
1847,4735,0,1,1,1,275,2,0,0,4257,0,1,0
1849,4708,0,1,1,1,1000,1,0,0,4232,0,1,0
1851,156544,0,4,1,1,46593,13,0,0,4225,0,0,-1
1852,12239,0,1,1,1,2912,5,0,0,4226,0,1,0
1853,101464,0,3,1,1,14610,13,0,0,4223,0,0,2
1854,55147,0,4,1,1,29219,13,0,0,4225,0,0,3
1856,52084,0,1,1,1,4836,7,0,0,4222,0,1,0
1861,19634,0,1,1,1,0,0,0,0,4198,0,1,0
1866,22455,0,4,1,1,38814,17,0,0,4175,1,0,3
1867,11604,0,1,1,1,95,2,0,0,4177,0,1,0
1868,72510,0,4,1,1,31469,12,0,0,4169,1,0,3
1869,33383,0,1,1,1,0,0,0,0,4163,0,1,0
1870,181200,0,1,1,1,7514,21,0,0,4159,0,0,-1
1871,17500,0,1,1,1,17500,2,0,0,4167,0,1,0
1873,12465,0,1,1,1,380,3,0,0,4162,0,1,0
1874,6316,0,1,1,1,0,0,0,0,4149,0,1,0
1876,975,0,1,1,1,350,3,0,0,4519,0,1,0
1878,50909,0,3,1,1,14830,18,0,0,4135,1,0,2
1879,79500,0,3,1,1,21489,15,0,0,4146,0,0,2
1880,15875,0,3,1,1,24918,12,0,0,4141,1,0,2
1882,12906,0,1,1,1,0,0,0,0,4124,0,1,0
1883,14155,0,1,1,1,3250,19,0,0,4134,0,1,0
1884,576,0,3,1,1,12082,14,0,0,4128,1,0,2
1886,27669,0,1,1,1,3375,20,0,0,4127,0,1,0
1887,21708,0,3,1,1,12811,13,0,0,4100,0,0,2
1890,35433,0,1,1,1,1600,3,0,0,4113,0,1,0
1892,6206,0,1,1,1,375,3,0,0,4107,0,1,0
1896,3664,0,1,1,1,0,0,0,0,4089,0,1,0
1900,36033,0,3,1,1,36033,13,0,0,4079,0,0,-1
1903,16489,0,1,1,1,4851,27,0,0,4064,0,1,0
1904,84516,0,3,1,1,22713,15,0,0,4063,0,0,2
1906,24887,0,1,1,1,0,0,0,0,4047,0,1,0
1907,56954,0,3,1,1,29409,32,0,0,4051,0,0,-1
1908,8647,0,1,1,1,0,0,0,0,4036,0,1,0
1909,37114,0,1,1,1,21623,12,0,0,4040,1,1,-1
1910,50715,0,4,1,1,39211,13,0,0,4051,1,0,3
1911,149305,0,4,1,1,49893,19,0,0,4030,0,0,-1
1913,20534,0,1,1,1,589,7,0,0,4021,0,1,0
1914,3962,0,1,1,1,292,8,0,0,4027,0,1,0
1915,5112,0,1,1,1,0,0,0,0,4020,0,1,0
1918,30300,0,1,1,1,2160,7,0,0,4002,0,1,0
1919,39139,0,1,1,1,710,4,0,0,3967,0,1,0
1920,52440,0,1,1,1,500,1,0,0,4026,0,1,0
1921,23329,0,1,1,1,6326,3,0,0,4008,0,1,0
1922,10679,0,2,1,1,13363,12,0,0,4001,1,1,1
1923,53487,0,1,1,1,0,0,0,0,3991,0,1,0
1925,9052,0,1,1,1,280,2,0,0,3987,0,1,0
1929,150312,0,1,1,1,1000,1,0,0,3967,0,1,-1
1932,59035,0,1,1,1,245,4,0,0,3960,0,1,0
1933,132335,0,4,1,1,30273,14,0,0,3974,0,0,3
1936,123313,0,4,1,1,31595,15,0,0,3959,0,0,3
1938,46440,0,1,1,1,5582,24,0,0,3952,1,1,0
1939,58970,0,3,1,1,13467,18,0,0,3946,1,0,2
1941,80534,0,3,1,1,20715,17,0,0,3949,1,0,2
1942,12184,0,1,1,1,1160,3,0,0,3939,0,1,0
1943,10355,0,2,1,1,6510,10,0,0,3918,0,1,1
1944,39947,0,1,1,1,1750,7,0,0,3922,0,1,0
1945,3082,0,1,1,1,0,0,0,0,3923,0,1,0
1946,37563,0,2,1,1,8142,14,0,0,3925,0,1,1
1949,87282,0,3,1,1,13480,10,0,0,3911,0,0,2
1950,11355,0,1,1,1,135,3,0,0,3916,0,1,0
1952,50586,0,1,1,1,0,0,0,0,3902,0,1,0
1953,54388,0,4,1,1,27516,14,0,0,3903,1,0,3
1954,30546,0,3,1,1,11304,14,0,0,3900,0,0,2
1955,24407,0,1,1,1,923,10,0,0,3910,0,1,0
1958,21944,0,4,1,1,29461,13,0,0,3900,1,0,3
1960,37244,0,4,1,1,38220,18,0,0,3890,1,0,3
1961,38439,0,1,1,1,3318,13,0,0,3886,0,1,0
1964,8000,0,1,1,1,2250,11,0,0,3879,0,1,0
1966,85751,0,4,1,1,26842,14,0,0,3711,0,0,3
1967,15676,0,1,1,1,0,0,0,0,3178,0,1,0
1968,55064,0,2,1,1,8041,13,0,0,3329,1,1,1
1969,40675,0,1,1,1,1413,9,0,0,2895,0,1,0
1971,56896,0,4,1,1,34019,15,0,0,3696,0,0,3
1972,91935,0,3,1,1,17550,18,0,0,4216,1,0,2
1973,50496,0,3,1,1,13287,26,0,0,4610,1,0,-1
1975,156853,0,4,1,1,37625,14,0,0,4510,1,0,-1
1976,65533,0,2,1,1,7595,10,0,0,4544,0,1,1
1979,12207,0,1,1,1,0,0,0,0,4565,0,1,0
1980,26421,0,1,1,1,1250,3,0,0,4593,0,1,0
1981,16176,0,1,1,1,0,0,0,0,4170,0,1,0
1982,44754,0,1,1,1,0,0,0,0,3648,1,1,0
1986,179472,0,3,1,1,11289,15,0,0,4708,0,0,-1
1988,76077,0,1,1,1,500,4,0,0,4616,0,1,0
1990,14273,0,1,1,1,0,0,0,0,4341,0,1,0
1992,37693,0,3,1,1,30546,7,0,0,4671,1,0,-1
1995,20678,0,1,1,1,2155,8,0,0,3862,0,1,0
1996,5316,0,1,1,1,1134,4,0,0,4610,0,1,0
1999,30306,0,1,1,1,2500,1,0,0,4309,0,1,0
2002,14304,0,1,1,1,0,0,0,0,4600,0,1,0
2005,6978,0,1,1,1,610,3,0,0,4349,0,1,0
2006,39909,0,1,1,1,2682,14,0,0,4470,0,1,0
2008,25544,0,1,1,1,3271,7,0,0,4580,1,1,0
2009,166417,0,4,1,1,28607,11,0,0,4357,0,0,-1
2011,2344,0,1,1,1,1478,10,0,0,4481,0,1,0
2012,8780,0,1,1,1,2750,15,0,0,4237,0,1,0
2014,44654,0,4,1,1,48874,16,0,0,4530,1,0,3
2015,32678,0,1,1,1,0,0,0,0,4481,1,1,0
2017,76387,0,1,1,1,3588,7,0,0,4442,0,1,0
2019,52195,0,4,1,1,35847,13,0,0,4476,1,0,3
2020,137778,0,3,1,1,19557,18,0,0,4599,0,0,2
2022,3056,0,1,1,1,1200,3,0,0,4363,0,1,0
2024,34182,0,1,1,1,0,0,0,0,3967,0,1,0
2025,7371,0,1,1,1,1375,4,0,0,4505,0,1,0
2027,87553,0,3,1,1,15681,14,0,0,4547,0,0,2
2028,14614,0,1,1,1,2275,3,0,0,4567,1,1,0
2031,37202,0,1,1,1,15000,4,0,0,4511,0,1,0
2033,54594,0,3,1,1,14402,14,0,0,4233,0,0,2
2034,57474,0,2,1,1,5535,7,0,0,4364,0,1,1
2035,20111,0,1,1,1,5653,12,0,0,4468,1,1,0
2042,11690,0,3,1,1,17615,17,0,0,4417,1,0,2
2043,144697,0,1,1,1,2000,1,0,0,4420,0,1,-1
2044,75179,0,1,1,1,1015,2,0,0,4118,0,1,0
2046,96154,0,1,1,1,7052,15,0,0,4433,0,1,0
2048,36227,0,2,1,1,7230,14,0,0,3736,0,1,1
2050,41153,0,4,1,1,28686,15,0,0,4404,0,0,3
2051,20789,0,1,1,1,0,0,0,0,4279,0,1,0
2053,37911,0,1,1,1,2250,11,0,0,4385,0,1,0
2055,41133,0,1,1,1,635,3,0,0,4419,1,1,0
2057,90526,0,1,1,1,2000,9,0,0,4488,0,1,0
2058,15148,0,1,1,1,15148,3,0,0,269,0,1,0
2059,5393,0,1,1,1,0,0,0,0,4517,0,1,0
2060,434,0,1,1,1,15530,5,0,0,3628,1,1,0
2061,81055,0,3,1,1,14344,14,0,0,4610,0,0,2
2062,31360,0,1,1,1,821,7,0,0,4488,0,1,0
2063,156885,0,4,1,1,38601,19,0,0,4534,1,0,-1
2065,63820,0,3,1,1,13981,15,0,0,4608,0,0,2
2067,76659,0,1,1,1,0,0,0,0,4608,1,1,0
2068,40724,0,4,1,1,29481,14,0,0,4007,1,0,3
2069,146173,0,3,1,1,13871,17,0,0,4414,1,0,2
2070,26055,0,1,1,1,647,9,0,0,4464,0,1,0
2071,68,0,1,1,1,590,1,0,0,3937,0,1,0
2072,50001,0,1,1,1,4853,12,0,0,4023,0,1,0
2073,122506,0,3,1,1,21022,13,0,0,4408,1,0,2
2074,126886,0,2,1,1,9120,17,0,0,4044,0,0,-1
2077,45735,0,1,1,1,10085,3,0,0,4239,0,1,0
2078,77225,0,4,1,1,30646,15,0,0,4282,0,0,3
2079,59874,0,1,1,1,0,0,0,0,3986,1,1,0
2080,30868,0,1,1,1,405,3,0,0,4226,1,1,0
2081,34257,0,1,1,1,2010,4,0,0,4309,0,1,0
2082,42639,0,2,1,1,7366,12,0,0,4181,0,1,1
2083,771,0,1,1,1,40256,4,0,0,4203,1,1,-1
2084,89708,0,1,1,1,8000,4,0,0,3173,0,1,0
2085,75892,0,2,1,1,8738,15,0,0,4160,1,0,1
2088,14426,0,1,1,1,0,0,0,0,4096,0,1,0
2089,29559,0,4,1,1,28969,16,0,0,4236,1,0,3
2090,113113,0,3,1,1,10736,13,0,0,4307,0,0,2
2091,73027,0,4,1,1,34002,19,0,0,4063,1,0,3
2092,17386,0,1,1,1,0,0,0,0,3771,0,1,0
2094,11023,0,1,1,1,0,0,0,0,4328,0,1,0
2096,47638,0,1,1,1,0,0,0,0,3739,0,1,0
2098,24787,0,1,1,1,1000,1,0,0,3930,0,1,0
2100,726,0,1,1,1,0,0,0,0,4268,1,1,0
2101,40686,0,1,1,1,260,2,0,0,4177,0,1,0
2102,16626,0,1,1,1,2500,13,0,0,4329,0,1,0
2107,166470,0,2,1,1,9574,16,0,0,4194,0,0,-1
2108,10797,0,1,1,1,0,0,0,0,3581,1,1,0
2109,131618,0,4,1,1,46473,16,0,0,4274,0,0,3
2112,28695,0,1,1,1,0,0,0,0,4173,0,1,0
2113,15253,0,2,1,1,5427,8,0,0,4373,0,1,1
2114,193818,0,3,1,1,16327,13,0,0,3768,1,0,-1
2116,22678,0,1,1,1,2125,7,0,0,4068,0,1,0
2117,89430,0,3,1,1,24314,18,0,0,1547,0,0,2
2118,26522,0,3,1,1,18479,13,0,0,4358,1,0,2
2120,16516,0,1,1,1,500,1,0,0,4275,0,1,0
2121,49050,0,3,1,1,18436,16,0,0,2426,0,0,2
2123,4939,0,1,1,1,1000,1,0,0,2515,1,1,0
2124,26077,0,1,1,1,6768,4,0,0,3487,1,1,0
2125,110893,0,1,1,1,4653,6,0,0,3645,0,1,0
2126,56455,0,1,1,1,6000,3,0,0,4218,0,1,0
2128,109790,0,1,1,1,16108,4,0,0,3123,0,1,0
2131,1054,0,1,1,1,15147,3,0,0,3133,1,1,0
2132,27532,0,1,1,1,4639,13,0,0,3939,0,1,0
2134,4041,0,1,1,1,0,0,0,0,3344,0,1,0
2135,28138,0,1,1,1,6330,29,0,0,3847,1,1,0
2136,33010,0,1,1,1,0,0,0,0,3915,0,1,0
2137,45687,0,1,1,1,45,2,0,0,2269,0,1,0
2138,12981,0,1,1,1,0,0,0,0,4246,1,1,0
2141,55591,0,2,1,1,8817,13,0,0,3693,0,1,1
2142,37358,0,4,1,1,50488,19,0,0,3967,1,0,-1
2144,2500,0,1,1,1,2500,1,0,0,3717,0,1,0
2145,140527,0,1,1,1,3500,14,0,0,4023,0,1,-1
2146,5360,0,1,1,1,0,0,0,0,4392,0,1,0
2152,192889,0,1,1,1,10500,5,0,0,4096,0,0,-1
2155,48256,0,1,1,1,9690,2,0,0,3979,0,1,0
2158,82497,0,1,1,1,0,0,0,0,3565,0,1,0
2160,32619,0,1,1,1,1070,7,0,0,3846,0,1,0
2161,57017,0,1,1,1,2495,11,0,0,3854,0,1,0
2163,49375,0,3,1,1,23628,14,0,0,3797,0,0,2
2164,25341,0,1,1,1,38,4,0,0,3995,1,1,0
2165,45150,0,3,1,1,18907,13,0,0,4141,0,0,2
2167,19132,0,2,1,1,9124,17,0,0,3915,0,1,1
2169,13040,0,1,1,1,500,1,0,0,3972,0,1,0
2171,36294,0,1,1,1,0,0,0,0,3956,0,1,0
2172,89840,0,2,1,1,7048,14,0,0,3819,0,0,1
2173,6914,0,1,1,1,1500,1,0,0,3915,1,1,0
2175,111793,0,1,1,1,500,1,0,0,4057,0,1,0
2176,18700,0,1,1,1,870,2,0,0,3995,0,1,0
2180,60076,0,4,1,1,45582,9,0,0,3935,0,0,3
2181,3522,0,1,1,1,3522,4,0,0,3916,0,1,0
2182,36736,0,1,1,1,0,0,0,0,4134,0,1,0
2184,88918,0,2,1,1,5537,14,0,0,4180,1,0,1
2187,81552,0,2,1,1,7703,8,0,0,3855,0,1,1
2188,118067,0,2,1,1,8715,12,0,0,3718,1,0,1
2195,35425,0,1,1,1,4125,19,0,0,3834,0,1,0
2200,10872,0,1,1,1,4500,27,0,0,3882,0,1,0
2202,105160,0,3,1,1,20458,21,0,0,3732,0,0,2
2203,90919,0,4,1,1,44430,17,0,0,3739,1,0,3
2205,74538,0,3,1,1,18835,21,0,0,2726,0,0,2
2206,4606,0,1,1,1,4320,6,0,0,3501,1,1,0
2207,61617,0,2,1,1,23495,13,0,0,3972,0,0,-1
2208,15275,0,1,1,1,75,2,0,0,2761,0,1,0
2211,81251,0,1,1,1,19500,6,0,0,3958,1,1,-1
2212,18142,0,1,1,1,220,4,0,0,3638,0,1,0
2213,16200,0,4,1,1,40455,17,0,0,3840,1,0,3
2215,14372,0,2,1,1,9042,13,0,0,3557,1,1,1
2218,49874,0,4,1,1,39976,13,0,0,4293,1,0,3
2219,35445,0,1,1,1,3379,9,0,0,4198,1,1,0
2222,53750,0,3,1,1,23135,14,0,0,3736,0,0,2
2223,110132,0,1,1,1,19000,5,0,0,3271,1,1,-1
2224,12221,0,1,1,1,511,4,0,0,3692,0,1,0
2225,65519,0,1,1,1,0,0,0,0,4150,0,1,0
2228,124564,0,3,1,1,11026,13,0,0,3840,0,0,2
2229,24111,0,2,1,1,9374,16,0,0,3802,1,1,1
2230,35801,0,1,1,1,3337,13,0,0,3743,1,1,0
2233,47090,0,1,1,1,0,0,0,0,3726,0,1,0
2234,1300,0,1,1,1,454,11,0,0,3691,1,1,0
2237,20900,0,1,1,1,1000,1,0,0,3685,0,1,0
2238,46607,0,1,1,1,0,0,0,0,3727,0,1,0
2240,30729,0,3,1,1,16456,15,0,0,3795,1,0,2
2241,35546,0,1,1,1,3376,10,0,0,3739,0,1,0
2242,7845,0,1,1,1,265,3,0,0,3508,0,1,0
2245,16618,0,1,1,1,897,5,0,0,3620,0,1,0
2246,11548,0,1,1,1,1634,7,0,0,3837,0,1,0
2247,22181,0,1,1,1,6245,15,0,0,3656,0,1,0
2249,25080,0,1,1,1,2060,12,0,0,3795,0,1,0
2250,17964,0,1,1,1,5030,23,0,0,3783,1,1,0
2251,155385,0,3,1,1,15267,12,0,0,3624,0,0,-1
2252,3977,0,1,1,1,0,0,0,0,3593,0,1,0
2253,14620,0,1,1,1,0,0,0,0,2833,0,1,0
2254,46882,0,1,1,1,0,0,0,0,3701,0,1,0
2255,3350,0,1,1,1,65,3,0,0,3540,0,1,0
2256,3049,0,1,1,1,0,0,0,0,3613,0,1,0
2260,26745,0,1,1,1,17547,9,0,0,3664,1,1,0
2261,120576,0,4,1,1,36635,14,0,0,3823,1,0,3
2262,7658,0,1,1,1,300,1,0,0,3231,0,1,0
2263,11136,0,1,1,1,100,1,0,0,3571,1,1,0
2265,124979,0,3,1,1,14267,14,0,0,3720,0,0,2
2266,35659,0,1,1,1,1102,9,0,0,3533,0,1,0
2271,64414,0,1,1,1,1952,12,0,0,2395,0,1,0
2273,22384,0,1,1,1,0,0,0,0,3676,0,1,0
2275,10959,0,1,1,1,500,1,0,0,3469,1,1,0
2276,28607,0,1,1,1,5943,5,0,0,2895,0,1,0
2277,30686,0,1,1,1,6161,2,0,0,3596,0,1,0
2278,8260,0,1,1,1,700,2,0,0,3673,0,1,0
2279,61584,0,4,1,1,27937,14,0,0,3783,0,0,3
2280,141594,0,2,1,1,30565,16,0,0,3776,0,0,-1
2282,64153,0,3,1,1,23563,19,0,0,3575,1,0,2
2283,10000,0,1,1,1,790,3,0,0,3564,0,1,0
2287,49353,0,4,1,1,34656,14,0,0,3540,1,0,3
2288,21843,0,1,1,1,1411,9,0,0,3177,1,1,0
2289,34072,0,1,1,1,500,1,0,0,3879,0,1,0
2290,72962,0,4,1,1,28055,16,0,0,3869,1,0,3
2292,13250,0,3,1,1,17778,14,0,0,3861,1,0,2
2297,105957,0,1,1,1,4881,12,0,0,3859,0,1,0
2298,22548,0,1,1,1,3225,9,0,0,3852,0,1,0
2299,89761,0,3,1,1,11965,13,0,0,3845,1,0,2
2300,65263,0,1,1,1,22500,4,0,0,3844,0,1,-1
2304,44197,0,1,1,1,2500,1,0,0,3831,0,1,0
2305,104245,0,4,1,1,45589,14,0,0,3810,0,0,3
2309,109649,0,3,1,1,22136,13,0,0,3812,0,0,2
2312,48970,0,4,1,1,30872,14,0,0,3817,1,0,3
2314,24277,0,2,1,1,5330,5,0,0,3796,0,1,1
2315,20308,0,3,1,1,19526,13,0,0,3797,1,0,2
2316,111041,0,3,1,1,10252,12,0,0,3875,0,0,2
2317,27904,0,2,1,1,6622,17,0,0,3793,0,1,1
2318,128620,0,2,1,1,7747,12,0,0,3789,0,0,-1
2320,27135,0,1,1,1,4908,11,0,0,3783,0,1,0
2321,32898,0,1,1,1,1000,1,0,0,3777,0,1,0
2322,196922,0,4,1,1,40170,18,0,0,3755,0,0,-1
2323,196175,0,4,1,1,33886,13,0,0,3775,0,0,-1
2324,11457,0,1,1,1,705,3,0,0,3767,0,1,0
2325,175344,0,4,1,1,40152,19,0,0,3770,0,0,-1
2327,13232,0,1,1,1,8668,16,0,0,3753,1,1,0
2329,75526,0,4,1,1,46421,14,0,0,3712,1,0,3
2330,53935,0,1,1,1,0,0,0,0,3743,0,1,0
2331,18402,0,1,1,1,0,0,0,0,3746,0,1,0
2332,24784,0,1,1,1,100,1,0,0,3729,0,1,0
2333,62903,0,3,1,1,16434,13,0,0,3732,0,0,2
2336,188184,0,4,1,1,32170,13,0,0,3707,1,0,-1
2337,83524,0,4,1,1,43152,18,0,0,3694,0,0,3
2338,10794,0,1,1,1,0,0,0,0,3712,0,1,0
2339,49807,0,2,1,1,6393,20,0,0,3718,0,0,1
2340,18266,0,3,1,1,12254,15,0,0,3713,1,0,2
2341,87851,0,4,1,1,28969,17,0,0,4026,0,0,3
2342,32991,0,1,1,1,1230,6,0,0,3693,0,1,0
2343,28677,0,1,1,1,215,3,0,0,3699,0,1,0
2344,103809,0,3,1,1,16776,14,0,0,3699,0,0,2
2345,417,0,1,1,1,3000,1,0,0,3670,1,1,0
2346,8859,0,3,1,1,11998,13,0,0,3690,1,0,2
2347,26896,0,1,1,1,5364,15,0,0,3685,0,1,0
2348,16986,0,1,1,1,0,0,0,0,3676,0,1,0
2349,25530,0,3,1,1,25131,17,0,0,3677,1,0,2
2350,77067,0,4,1,1,40129,15,0,0,3671,0,0,3
2351,6350,0,1,1,1,0,0,0,0,3657,0,1,0
2353,40420,0,2,1,1,8649,14,0,0,3651,0,1,1
2354,30178,0,3,1,1,14422,15,0,0,3656,1,0,2
2355,15088,0,1,1,1,0,0,0,0,3650,0,1,0
2360,33466,0,1,1,1,355,3,0,0,3592,0,1,0
2364,26129,0,3,1,1,20265,17,0,0,3629,1,0,2
2365,30893,0,1,1,1,0,0,0,0,3623,0,1,0
2367,52965,0,1,1,1,500,1,0,0,3606,0,1,0
2368,19516,0,3,1,1,17696,16,0,0,3593,1,0,2
2371,73378,0,3,1,1,13607,14,0,0,3599,0,0,2
2372,50193,0,1,1,1,12263,3,0,0,3596,0,1,0
2373,165144,0,3,1,1,24156,14,0,0,3581,0,0,-1
2374,53556,0,1,1,1,0,0,0,0,3575,0,1,0
2376,28577,0,4,1,1,48564,14,0,0,3586,1,0,-1
2377,55417,0,4,1,1,37127,31,0,0,3575,0,0,-1
2378,142244,0,3,1,1,12325,13,0,0,3578,0,0,2
2379,23139,0,2,1,1,8156,14,0,0,3578,0,1,1
2381,35323,0,1,1,1,1875,8,0,0,3553,0,1,0
2383,1021,0,1,1,1,100,1,0,0,3553,0,1,0
2385,11593,0,2,1,1,9055,16,0,0,3558,1,1,1
2386,68180,0,1,1,1,2044,9,0,0,3550,0,1,0
2387,26605,0,1,1,1,3704,11,0,0,3543,0,1,0
2388,17920,0,1,1,1,3250,18,0,0,3546,0,1,0
2389,85156,0,1,1,1,133,5,0,0,3550,0,1,0
2390,9005,0,1,1,1,520,1,0,0,3531,0,1,0
2392,42584,0,1,1,1,841,6,0,0,3526,0,1,0
2394,51082,0,4,1,1,40878,13,0,0,3524,1,0,3
2395,18727,0,1,1,1,0,0,0,0,3524,0,1,0
2398,15610,0,1,1,1,0,0,0,0,3508,0,1,0
2399,46876,0,1,1,1,9680,7,0,0,3498,1,1,0
2400,14075,0,1,1,1,4286,15,0,0,3513,0,1,0
2401,59895,0,1,1,1,10500,4,0,0,3497,1,1,0
2402,25936,0,1,1,1,0,0,0,0,3495,0,1,0
2404,32807,0,1,1,1,17259,4,0,0,3482,0,1,0
2405,38591,0,2,1,1,11039,18,0,0,3488,1,0,1
2406,48958,0,3,1,1,24430,5,0,0,3483,0,0,-1
2407,10710,0,1,1,1,1000,1,0,0,3460,0,1,0
2408,60349,0,2,1,1,10350,18,0,0,3468,1,0,1
2409,9453,0,1,1,1,2585,5,0,0,3463,0,1,0
2410,60867,0,4,1,1,41345,18,0,0,3454,0,0,3
2411,27590,0,1,1,1,100,1,0,0,3455,0,1,0
2412,100069,0,3,1,1,18745,13,0,0,3454,0,0,2
2413,27820,0,1,1,1,3005,11,0,0,3454,0,1,0
2414,20503,0,1,1,1,520,3,0,0,3445,0,1,0
2418,17088,0,1,1,1,0,0,0,0,3510,0,1,0
2421,101632,0,4,1,1,48658,14,0,0,3432,1,0,3
2423,45257,0,1,1,1,3625,7,0,0,3417,0,1,0
2424,626,0,1,1,1,626,1,0,0,3393,0,1,0
2425,18272,0,1,1,1,2920,5,0,0,3405,0,1,0
2426,10756,0,1,1,1,1375,4,0,0,3104,0,1,0
2428,75680,0,3,1,1,23159,14,0,0,3397,0,0,2
2429,59839,0,3,1,1,26962,18,0,0,3404,0,0,2
2433,1452,0,1,1,1,2375,5,0,0,3396,1,1,0
2436,114067,0,4,1,1,42569,23,0,0,3336,0,0,3
2438,20207,0,1,1,1,3033,12,0,0,3370,0,1,0
2442,81087,0,3,1,1,18971,12,0,0,3362,0,0,2
2443,14336,0,1,1,1,0,0,0,0,3349,0,1,0
2445,121390,0,1,1,1,8500,4,0,0,3342,0,1,0
2446,23226,0,1,1,1,2236,2,0,0,3343,1,1,0
2448,68012,0,1,1,1,247,3,0,0,3342,0,1,0
2449,23589,0,1,1,1,0,0,0,0,3336,0,1,0
2450,35033,0,1,1,1,1000,1,0,0,2913,0,1,0
2451,19860,0,1,1,1,1500,5,0,0,3281,0,1,0
2453,111442,0,4,1,1,30368,19,0,0,3392,1,0,3
2454,87402,0,4,1,1,41685,21,0,0,3306,0,0,3
2457,34049,0,1,1,1,2030,8,0,0,3306,1,1,0
2459,64138,0,3,1,1,22089,19,0,0,3257,0,0,2
2461,51864,0,2,1,1,6795,13,0,0,3279,0,1,1
2463,51730,0,1,1,1,2875,16,0,0,3264,0,1,0
2464,118141,0,4,1,1,46521,11,0,0,3259,1,0,3
2465,76060,0,4,1,1,33424,30,0,0,3263,1,0,-1
2466,25316,0,1,1,1,0,0,0,0,3258,0,1,0
2469,3446,0,1,1,1,0,0,0,0,3245,0,1,0
2470,26119,0,1,1,1,3189,6,0,0,3257,0,1,0
2472,14554,0,1,1,1,0,0,0,0,3237,0,1,0
2473,165203,0,4,1,1,36666,20,0,0,3239,1,0,-1
2474,76513,0,4,1,1,45265,16,0,0,3235,1,0,3
2476,11952,0,1,1,1,0,0,0,0,3244,0,1,0
2477,44742,0,1,1,1,2500,1,0,0,3217,1,1,0
2478,94022,0,1,1,1,2585,14,0,0,3222,0,1,0
2479,29287,0,1,1,1,0,0,0,0,3216,0,1,0
2481,114868,0,4,1,1,45996,22,0,0,3204,0,0,3
2482,37335,0,3,1,1,19507,17,0,0,3202,1,0,2
2483,45522,0,3,1,1,10728,13,0,0,3197,0,0,2
2484,66524,0,4,1,1,34682,23,0,0,3188,0,0,3
2487,22077,0,1,1,1,1385,4,0,0,3187,0,1,0
2489,95916,0,3,1,1,11845,11,0,0,3182,0,0,2
2490,122164,0,2,1,1,9944,16,0,0,3182,0,0,-1
2494,135568,0,4,1,1,40051,21,0,0,3166,0,0,-1
2495,98339,0,3,1,1,16336,13,0,0,3145,0,0,2
2496,26103,0,3,1,1,13692,18,0,0,3151,1,0,2
2497,11133,0,1,1,1,0,0,0,0,3147,0,1,0
2498,7011,0,3,1,1,19791,16,0,0,3152,1,0,2
2499,177232,0,3,1,1,14787,13,0,0,3137,0,0,-1
2500,29298,0,3,1,1,24656,13,0,0,3141,1,0,2
2501,35304,0,4,1,1,30532,13,0,0,3131,1,0,3
2503,163315,0,1,1,1,8035,29,0,0,3120,0,0,-1
2504,23649,0,1,1,1,3250,16,0,0,3176,0,1,0
2509,34942,0,3,1,1,19016,13,0,0,3089,1,0,2
2510,5970,0,1,1,1,1000,1,0,0,3091,0,1,0
2512,34103,0,3,1,1,34630,16,0,0,3115,1,0,2
2513,142152,0,3,1,1,19464,13,0,0,3088,0,0,2
2514,12713,0,1,1,1,0,0,0,0,3077,0,1,0
2515,28848,0,1,1,1,0,0,0,0,3069,0,1,0
2516,10940,0,1,1,1,0,0,0,0,3062,0,1,0
2518,29005,0,1,1,1,90,3,0,0,3060,1,1,0
2521,13117,0,1,1,1,1972,3,0,0,3027,0,1,0
2522,86341,0,3,1,1,20991,16,0,0,3053,1,0,2
2523,142810,0,1,1,1,8000,4,0,0,3049,1,1,-1
2524,8399,0,3,1,1,21136,13,0,0,3052,1,0,2
2527,14079,0,2,1,1,6503,16,0,0,2999,1,1,1
2528,10036,0,3,1,1,13959,16,0,0,3030,1,0,2
2530,25435,0,1,1,1,7147,32,0,0,3027,0,0,0
2532,85826,0,4,1,1,33678,29,0,0,3026,0,0,-1
2533,654,0,3,1,1,14967,10,0,0,3022,1,0,2
2534,11525,0,1,1,1,0,0,0,0,3008,0,1,0
2536,22963,0,1,1,1,0,0,0,0,2998,0,1,0
2537,47165,0,1,1,1,4545,4,0,0,2992,1,1,0
2539,61737,0,2,1,1,6789,12,0,0,2921,0,1,1
2543,4923,0,1,1,1,305,2,0,0,2985,0,1,0
2544,56687,0,4,1,1,48989,28,0,0,2973,1,0,-1
2546,45149,0,1,1,1,21292,10,0,0,2949,0,1,0
2547,57477,0,1,1,1,2607,4,0,0,3038,1,1,0
2548,48265,0,1,1,1,1000,1,0,0,2951,0,1,0
2549,34249,0,1,1,1,4100,12,0,0,2951,0,1,0
2551,25671,0,2,1,1,10513,12,0,0,2945,1,1,1
2552,191583,0,3,1,1,25675,18,0,0,2950,1,0,-1
2553,90332,0,2,1,1,12845,25,0,0,2927,1,0,-1
2554,53532,0,4,1,1,30808,18,0,0,2927,1,0,3
2555,71507,0,1,1,1,3750,6,0,0,2934,0,1,0
2556,35196,0,1,1,1,0,0,0,0,2922,0,1,0
2557,30034,0,1,1,1,15816,6,0,0,2908,0,1,0
2559,46967,0,1,1,1,2000,9,0,0,2888,0,1,0
2561,5110,0,1,1,1,0,0,0,0,2901,0,1,0
2563,5000,0,1,1,1,5000,1,0,0,2893,0,1,0
2564,126701,0,3,1,1,20636,15,0,0,2878,0,0,2
2565,34855,0,1,1,1,230,3,0,0,2882,0,1,0
2566,34464,0,2,1,1,5312,5,0,0,2886,0,1,1
2567,86638,0,4,1,1,45861,13,0,0,2867,1,0,3
2569,65812,0,1,1,1,185,2,0,0,2854,0,1,0
2571,58195,0,3,1,1,24808,13,0,0,2838,0,0,2
2572,34781,0,3,1,1,11270,12,0,0,2859,1,0,2
2573,22457,0,3,1,1,17579,15,0,0,2858,1,0,2
2574,19996,0,1,1,1,500,1,0,0,3217,0,1,0
2575,26256,0,1,1,1,2000,9,0,0,2847,0,1,0
2577,3129,0,1,1,1,0,0,0,0,2840,0,1,0
2579,9611,0,1,1,1,2250,3,0,0,2845,1,1,0
2580,40702,0,4,1,1,39897,14,0,0,2826,1,0,3
2581,105579,0,3,1,1,16332,12,0,0,2830,0,0,2
2582,46654,0,1,1,1,3215,6,0,0,2830,0,1,0
2584,39715,0,3,1,1,17388,12,0,0,2826,0,0,2
2585,199,0,1,1,1,0,0,0,0,2822,0,1,0
2586,6345,0,2,1,1,7719,18,0,0,2805,1,1,1
2589,10307,0,1,1,1,0,0,0,0,2808,1,1,0
2590,37997,0,2,1,1,11073,5,0,0,2805,0,1,1
2593,18260,0,1,1,1,500,1,0,0,2780,0,1,0
2594,28484,0,1,1,1,350,3,0,0,2782,0,1,0
2595,29105,0,1,1,1,5000,1,0,0,2774,0,1,0
2596,49560,0,1,1,1,0,0,0,0,2770,0,1,0
2598,75288,0,4,1,1,36866,20,0,0,2774,0,0,3
2599,42366,0,2,1,1,6293,9,0,0,2770,0,1,1
2601,48363,0,1,1,1,790,3,0,0,2766,0,1,0
2602,11529,0,3,1,1,15738,15,0,0,2768,1,0,2
2603,61956,0,1,1,1,17500,2,0,0,2755,0,1,0
2605,85346,0,1,1,1,2835,3,0,0,2748,1,1,0
2607,66539,0,3,1,1,27894,17,0,0,2741,0,0,2
2609,14513,0,1,1,1,0,0,0,0,2731,0,1,0
2614,91296,0,3,1,1,19057,16,0,0,2712,0,0,2
2615,117290,0,1,1,1,1754,8,0,0,2717,0,1,0
2616,75556,0,1,1,1,2790,6,0,0,2712,0,1,0
2617,5103,0,1,1,1,5103,2,0,0,2697,0,1,0
2619,31789,0,1,1,1,10220,17,0,0,2699,1,1,0
2620,59515,0,1,1,1,3170,5,0,0,2705,0,1,0
2621,86913,0,2,1,1,23705,6,0,0,2691,0,0,-1
2625,145750,0,2,1,1,10986,12,0,0,2531,0,0,-1
2626,7041,0,1,1,1,1747,12,0,0,2718,1,1,0
2628,44514,0,1,1,1,3577,13,0,0,2657,0,1,0
2629,96490,0,1,1,1,2000,1,0,0,2665,1,1,0
2633,34294,0,3,1,1,17683,14,0,0,2661,1,0,2
2635,106155,0,1,1,1,0,0,0,0,2657,0,1,0
2636,29244,0,2,1,1,6252,13,0,0,2650,0,1,1
2637,27592,0,1,1,1,335,3,0,0,2633,0,1,0
2638,16128,0,1,1,1,475,3,0,0,2643,0,1,0
2642,7456,0,1,1,1,0,0,0,0,2635,0,1,0
2643,33604,0,3,1,1,13619,16,0,0,2633,0,0,2
2644,24803,0,1,1,1,0,0,0,0,2623,0,1,0
2645,58411,0,1,1,1,2500,1,0,0,2619,1,1,0
2646,3273,0,1,1,1,500,1,0,0,2749,0,1,0
2647,28480,0,1,1,1,2644,6,0,0,2628,0,1,0
2648,46706,0,1,1,1,3344,16,0,0,2609,0,1,0
2651,118487,0,1,1,1,3388,14,0,0,2592,0,1,0
2652,20518,0,2,1,1,5580,10,0,0,2600,0,1,1
2654,11700,0,1,1,1,0,0,0,0,2585,0,1,0
2655,391,0,1,1,1,9000,1,0,0,2581,1,1,0
2659,88563,0,4,1,1,42410,27,0,0,2567,0,0,-1
2660,25748,0,1,1,1,0,0,0,0,2566,0,1,0
2661,27102,0,3,1,1,27102,9,0,0,2563,0,0,2
2664,29150,0,3,1,1,13952,14,0,0,2544,1,0,2
2665,37529,0,4,1,1,25706,14,0,0,2558,1,0,3
2666,7515,0,2,1,1,13681,18,0,0,2552,1,1,1
2668,24265,0,1,1,1,1854,12,0,0,2550,0,1,0
2669,16773,0,1,1,1,140,2,0,0,2525,0,1,0
2673,20674,0,3,1,1,16876,22,0,0,2528,1,0,2
2674,8335,0,1,1,1,3750,16,0,0,2522,0,1,0
2675,40893,0,1,1,1,1130,3,0,0,2518,0,1,0
2679,14748,0,1,1,1,2210,7,0,0,2497,1,1,0
2680,49514,0,1,1,1,4500,22,0,0,2569,0,1,0
2681,7457,0,1,1,1,17131,5,0,0,2496,1,1,0
2682,97193,0,2,1,1,13338,12,0,0,2502,0,0,1
2683,68456,0,2,1,1,6317,5,0,0,2488,0,1,1
2684,123842,0,3,1,1,24295,14,0,0,2500,0,0,2
2687,41073,0,3,1,1,13993,20,0,0,2493,0,0,2
2688,21784,0,2,1,1,6208,14,0,0,2483,0,1,1
2689,12868,0,1,1,1,1875,8,0,0,2483,0,1,0
2690,147862,0,4,1,1,44783,14,0,0,2426,1,0,-1
2695,75279,0,1,1,1,5375,21,0,0,2459,0,1,0
2698,2039,0,1,1,1,0,0,0,0,2451,0,1,0
2699,2214,0,1,1,1,0,0,0,0,2448,0,1,0
2700,16208,0,1,1,1,0,0,0,0,2451,0,1,0
2701,25829,0,1,1,1,1375,4,0,0,2444,0,1,0
2702,83217,0,1,1,1,3679,4,0,0,2447,1,1,0
2703,9520,0,3,1,1,12515,13,0,0,2438,1,0,2
2704,103215,0,3,1,1,16726,14,0,0,2427,1,0,2
2705,62629,0,4,1,1,36986,14,0,0,2438,0,0,3
2706,45603,0,2,1,1,5964,13,0,0,2432,0,1,1
2707,44792,0,2,1,1,9463,16,0,0,2430,0,1,1
2708,97535,0,1,1,1,0,0,0,0,2418,0,1,0
2709,60085,0,3,1,1,14714,17,0,0,2404,1,0,2
2710,76938,0,3,1,1,23503,13,0,0,2422,1,0,2
2712,7685,0,1,1,1,500,4,0,0,2406,0,1,0
2714,7029,0,1,1,1,495,3,0,0,2565,1,1,0
2715,2119,0,1,1,1,0,0,0,0,2399,0,1,0
2719,77753,0,3,1,1,12483,13,0,0,2377,0,0,2
2722,46186,0,2,1,1,9744,14,0,0,2364,0,1,1
2723,54810,0,3,1,1,19665,21,0,0,2368,0,0,2
2724,25637,0,1,1,1,445,3,0,0,2367,0,1,0
2725,35088,0,1,1,1,320,2,0,0,2362,0,1,0
2729,62124,0,1,1,1,0,0,0,0,2355,1,1,0
2730,14134,0,1,1,1,2125,9,0,0,2312,1,1,0
2732,20353,0,1,1,1,1729,5,0,0,2298,0,1,0
2733,93154,0,4,1,1,30752,21,0,0,2333,1,0,3
2738,28312,0,1,1,1,1726,13,0,0,2335,1,1,0
2739,78462,0,3,1,1,20291,14,0,0,2311,0,0,2
2740,32740,0,1,1,1,10722,4,0,0,2315,1,1,0
2741,57293,0,1,1,1,1000,1,0,0,2319,0,1,0
2742,174743,0,1,1,1,27460,12,0,0,2326,0,0,-1
2743,59486,0,1,1,1,3517,4,0,0,2315,1,1,0
2745,56805,0,3,1,1,16617,17,0,0,2307,0,0,2
2747,18545,0,3,1,1,25053,22,0,0,2304,1,0,2
2748,5570,0,1,1,1,9094,26,0,0,2287,1,1,0
2755,7369,0,1,1,1,0,0,0,0,2277,0,1,0
2756,16378,0,1,1,1,0,0,0,0,2272,0,1,0
2757,39859,0,1,1,1,3675,8,0,0,2272,0,1,0
2758,44214,0,3,1,1,24928,13,0,0,2259,0,0,2
2759,73102,0,3,1,1,18156,20,0,0,2272,1,0,2
2760,3552,0,1,1,1,10597,17,0,0,2264,1,1,0
2761,71593,0,3,1,1,22666,17,0,0,2266,0,0,2
2765,51176,0,4,1,1,40397,16,0,0,2243,0,0,3
2766,12426,0,1,1,1,0,0,0,0,2238,0,1,0
2767,10062,0,1,1,1,2000,9,0,0,2242,0,1,0
2768,34790,0,1,1,1,0,0,0,0,2272,0,1,0
2770,51592,0,1,1,1,18678,9,0,0,2230,0,1,0
2771,23294,0,1,1,1,420,4,0,0,2228,0,1,0
2772,33398,0,3,1,1,14086,15,0,0,2223,0,0,2
2774,60250,0,3,1,1,43071,12,0,0,2214,1,0,-1
2775,81871,0,3,1,1,23068,20,0,0,2222,1,0,2
2777,430,0,1,1,1,220,1,0,0,2196,0,1,0
2778,75949,0,1,1,1,952,4,0,0,2195,0,1,0
2781,104670,0,1,1,1,3993,12,0,0,2202,0,1,0
2783,28731,0,4,1,1,29782,11,0,0,2182,1,0,3
2787,74352,0,3,1,1,17868,15,0,0,2188,0,0,2
2788,70308,0,4,1,1,41704,19,0,0,2186,1,0,3
2790,79020,0,1,1,1,3422,10,0,0,2179,0,1,0
2791,28335,0,1,1,1,400,3,0,0,2161,0,1,0
2792,22011,0,1,1,1,0,0,0,0,2167,0,1,0
2793,49436,0,4,1,1,33836,13,0,0,2167,0,0,3
2794,145072,0,1,1,1,15000,4,0,0,2152,1,1,-1
2795,8992,0,2,1,1,9113,11,0,0,2145,1,1,1
2796,72497,0,3,1,1,24279,13,0,0,2161,0,0,2
2798,62335,0,1,1,1,500,1,0,0,2147,0,1,0
2799,41556,0,3,1,1,26682,4,0,0,2131,0,0,-1
2800,15436,0,1,1,1,6147,13,0,0,2138,0,1,0
2801,109618,0,3,1,1,14159,11,0,0,2138,0,0,2
2802,182228,0,4,1,1,41048,12,0,0,2139,0,0,-1
2803,1000,0,1,1,1,0,0,0,0,2126,0,1,0
2804,36699,0,1,1,1,2500,13,0,0,2119,0,1,0
2806,39098,0,3,1,1,18992,14,0,0,2129,0,0,2
2808,18959,0,1,1,1,0,0,0,0,2115,0,1,0
2809,28010,0,1,1,1,150,3,0,0,2115,0,1,0
2812,664,0,1,1,1,0,0,0,0,2108,0,1,0
2813,18533,0,3,1,1,27904,14,0,0,2102,1,0,2
2814,202168,0,3,1,1,12463,18,0,0,2098,1,0,-1
2816,37839,0,3,1,1,11512,16,0,0,2084,1,0,2
2817,29196,0,2,1,1,7011,15,0,0,2082,0,1,1
2820,7500,0,1,1,1,0,0,0,0,2084,0,1,0
2822,85823,0,1,1,1,0,0,0,0,2074,0,1,0
2823,32323,0,1,1,1,1250,3,0,0,2074,1,1,0
2825,104523,0,1,1,1,4000,2,0,0,2073,1,1,0
2826,60856,0,2,1,1,17332,8,0,0,2076,0,1,1
2827,15526,0,1,1,1,2750,15,0,0,2063,0,1,0
2829,17681,0,1,1,1,500,1,0,0,2059,0,1,0
2830,76909,0,3,1,1,18405,12,0,0,2066,0,0,2
2831,22084,0,1,1,1,2773,10,0,0,2054,0,1,0
2832,50783,0,3,1,1,11595,15,0,0,2060,0,0,2
2834,41275,0,1,1,1,0,0,0,0,2035,0,1,0
2836,32270,0,1,1,1,0,0,0,0,2040,0,1,0
2837,22053,0,4,1,1,39810,27,0,0,2042,1,0,-1
2838,32708,0,3,1,1,11556,13,0,0,2035,0,0,2
2840,47056,0,1,1,1,0,0,0,0,2031,0,1,0
2841,112197,0,4,1,1,32108,16,0,0,2013,1,0,3
2845,169139,0,1,1,1,9500,5,0,0,2019,1,1,-1
2847,41150,0,1,1,1,0,0,0,0,2000,0,1,0
2848,3831,0,1,1,1,2,4,0,0,2013,0,1,0
2849,48014,0,1,1,1,0,0,0,0,2005,0,1,0
2851,3965,0,2,1,1,8228,12,0,0,2003,1,1,1
2852,37965,0,1,1,1,2250,5,0,0,1998,0,1,0
2854,24557,0,3,1,1,18957,20,0,0,1996,0,0,2
2855,16733,0,1,1,1,1000,1,0,0,1983,0,1,0
2856,41824,0,1,1,1,2100,3,0,0,1982,0,1,0
2859,37331,0,1,1,1,0,0,0,0,1970,0,1,0
2860,15000,0,1,1,1,15000,1,0,0,1976,0,1,0
2863,1000,0,1,1,1,1000,1,0,0,1970,0,1,0
2864,84179,0,3,1,1,22397,19,0,0,1976,0,0,2
2865,66590,0,1,1,1,1300,13,0,0,1975,0,1,0
2866,66445,0,3,1,1,22276,13,0,0,1975,0,0,2
2868,33951,0,3,1,1,12279,14,0,0,1963,0,0,2
2869,27204,0,2,1,1,7627,16,0,0,1968,0,1,1
2870,16442,0,1,1,1,0,0,0,0,1962,1,1,0
2871,39669,0,4,1,1,31989,14,0,0,1955,1,0,3
2872,8063,0,1,1,1,18250,5,0,0,1950,1,1,0
2873,15243,0,1,1,1,675,3,0,0,1944,0,1,0
2877,51172,0,1,1,1,500,4,0,0,1939,1,1,0
2879,18074,0,1,1,1,1625,6,0,0,1765,0,1,0
2880,31759,0,1,1,1,0,0,0,0,1922,0,1,0
2881,34007,0,1,1,1,440,2,0,0,1937,0,1,0
2882,28338,0,1,1,1,90,2,0,0,1936,0,1,0
2883,28693,0,2,1,1,8229,20,0,0,1937,0,1,1
2884,15036,0,2,1,1,7917,8,0,0,1935,1,1,1
2885,26797,0,1,1,1,0,0,0,0,1928,0,1,0
2888,19128,0,2,1,1,10595,27,0,0,1919,1,0,-1
2889,11245,0,1,1,1,0,0,0,0,1920,0,1,0
2890,18735,0,1,1,1,4100,19,0,0,1913,0,1,0
2891,43310,0,3,1,1,11943,14,0,0,1804,0,0,2
2892,51142,0,1,1,1,5000,3,0,0,1874,1,1,0
2893,127588,0,2,1,1,11297,11,0,0,1906,0,0,-1
2895,33064,0,1,1,1,300,3,0,0,1895,0,1,0
2896,10424,0,1,1,1,0,0,0,0,1894,0,1,0
2897,6517,0,1,1,1,2025,8,0,0,1900,0,1,0
2898,47160,0,1,1,1,0,0,0,0,1898,0,1,0
2899,15584,0,1,1,1,2875,16,0,0,1894,0,1,0
2902,25853,0,3,1,1,23163,18,0,0,1886,0,0,2
2905,21285,0,1,1,1,2375,12,0,0,1879,0,1,0
2907,39728,0,3,1,1,16359,11,0,0,1860,0,0,2
2908,28294,0,1,1,1,0,0,0,0,1865,0,1,0
2909,109505,0,3,1,1,15766,23,0,0,1867,0,0,-1
2912,36398,0,2,1,1,9704,22,0,0,1858,0,0,1
2915,16875,0,1,1,1,500,1,0,0,1838,0,1,0
2916,17060,0,1,1,1,0,0,0,0,1836,0,1,0
2918,142729,0,1,1,1,0,0,0,0,1823,1,1,0
2921,62960,0,5,1,1,50255,10,0,0,1824,1,0,-1
2922,16685,0,1,1,1,400,2,0,0,1817,0,1,0
2923,33405,0,1,1,1,1600,3,0,0,1808,1,1,0
2924,37211,0,3,1,1,23007,18,0,0,1817,0,0,2
2926,99226,0,2,1,1,5796,12,0,0,1811,0,1,1
2931,12120,0,1,1,1,1000,1,0,0,1802,0,1,0
2932,82352,0,1,1,1,5760,18,0,0,1797,0,1,0
2933,6286,0,1,1,1,230,3,0,0,1788,0,1,0
2934,17326,0,1,1,1,0,0,0,0,1787,0,1,0
2935,32234,0,3,1,1,17001,13,0,0,1780,1,0,2
2937,56174,0,2,1,1,6589,15,0,0,1768,0,1,1
2938,81144,0,1,1,1,34664,17,0,0,1769,0,0,-1
2939,51737,0,1,1,1,3119,19,0,0,1774,0,1,0
2942,23518,0,3,1,1,11843,13,0,0,1768,0,0,2
2944,19591,0,1,1,1,4437,8,0,0,1772,1,1,0
2945,46455,0,1,1,1,6817,11,0,0,1763,0,1,0
2946,89413,0,3,1,1,24667,21,0,0,1767,0,0,2
2948,17135,0,1,1,1,60,2,0,0,1747,0,1,0
2949,72253,0,4,1,1,29227,16,0,0,1752,0,0,3
2951,52718,0,3,1,1,11540,11,0,0,1755,0,0,2
2952,23933,0,2,1,1,10144,15,0,0,1804,0,1,1
2953,179207,0,1,1,1,7041,6,0,0,3169,0,1,-1
2954,76177,0,4,1,1,31922,16,0,0,3057,0,0,3
2955,11472,0,2,1,1,9068,14,0,0,3290,1,1,1
2957,124027,0,2,1,1,8698,12,0,0,2952,0,0,-1
2958,15138,0,1,1,1,140,3,0,0,2993,0,1,0
2959,43229,0,1,1,1,5000,1,0,0,2644,0,1,0
2961,27043,0,1,1,1,0,0,0,0,2814,0,1,0
2962,55381,0,1,1,1,0,0,0,0,3600,0,1,0
2963,53983,0,3,1,1,24862,13,0,0,3512,0,0,2
2964,59179,0,3,1,1,18908,15,0,0,3530,1,0,2
2966,32886,0,1,1,1,3606,10,0,0,3281,0,1,0
2970,28464,0,1,1,1,5167,16,0,0,3344,0,1,0
2974,158986,0,1,1,1,3558,14,0,0,3404,0,0,-1
2975,18939,0,1,1,1,855,3,0,0,3216,0,1,0
2980,33918,0,1,1,1,145,3,0,0,3012,0,1,0
2981,65926,0,3,1,1,11639,17,0,0,3362,0,0,2
2982,67753,0,3,1,1,18303,15,0,0,3134,0,0,2
2983,49280,0,1,1,1,22370,16,0,0,3312,0,0,-1
2984,97606,0,4,1,1,42980,24,0,0,3355,1,0,3
2986,49749,0,3,1,1,13609,18,0,0,3265,1,0,2
2988,80500,0,3,1,1,16368,16,0,0,3146,0,0,2
2990,40257,0,1,1,1,12885,31,0,0,3237,0,0,-1
2992,9154,0,1,1,1,0,0,0,0,3260,0,1,0
2993,54345,0,1,1,1,1850,8,0,0,3348,0,1,0
2995,4858,0,1,1,1,0,0,0,0,3294,0,1,0
2996,56745,0,1,1,1,6000,3,0,0,3280,1,1,0
2997,87507,0,3,1,1,17714,19,0,0,3274,0,0,2
2999,27566,0,1,1,1,6362,24,0,0,3279,0,1,0
3001,38508,0,3,1,1,13523,13,0,0,3279,0,0,2
3002,8184,0,1,1,1,0,0,0,0,2832,0,1,0
3004,89576,0,3,1,1,20333,15,0,0,3099,0,0,2
3007,132894,0,4,1,1,34540,15,0,0,3106,0,0,3
3008,12881,0,1,1,1,500,1,0,0,3244,0,1,0
3010,71682,0,3,1,1,11662,11,0,0,3173,0,0,2
3011,94016,0,1,1,1,4773,6,0,0,3161,0,1,0
3013,16341,0,1,1,1,0,0,0,0,3190,0,1,0
3014,60331,0,3,1,1,17878,27,0,0,3036,1,0,-1
3016,148086,0,4,1,1,32551,14,0,0,2913,0,0,-1
3020,36844,0,2,1,1,21715,16,0,0,3161,0,0,-1
3022,20390,0,1,1,1,2500,1,0,0,2528,1,1,0
3023,29182,0,5,1,1,50698,14,0,0,2999,1,0,-1
3025,568,0,1,1,1,710,3,0,0,3053,0,1,0
3026,30759,0,1,1,1,510,3,0,0,3195,0,1,0
3029,23846,0,1,1,1,9177,6,0,0,2678,0,1,0
3030,26505,0,1,1,1,0,0,0,0,3102,0,1,0
3031,72131,0,2,1,1,7681,17,0,0,2390,0,0,1
3032,24406,0,1,1,1,5005,14,0,0,3127,0,1,0
3034,23179,0,1,1,1,0,0,0,0,2794,0,1,0
3035,14710,0,1,1,1,3500,2,0,0,3149,1,1,0
3039,20603,0,1,1,1,115,5,0,0,3054,1,1,0
3041,31520,0,1,1,1,130,2,0,0,2858,0,1,0
3042,29350,0,4,1,1,27703,15,0,0,3020,1,0,3
3044,17376,0,1,1,1,4920,11,0,0,2265,0,1,0
3047,48224,0,1,1,1,0,0,0,0,2888,0,1,0
3048,13271,0,1,1,1,0,0,0,0,1435,1,1,0
3050,17893,0,2,1,1,9623,13,0,0,3074,0,1,1
3051,52693,0,1,1,1,947,4,0,0,2374,0,1,0
3052,50895,0,4,1,1,29618,15,0,0,2980,1,0,3
3055,34862,0,1,1,1,2725,5,0,0,3004,0,1,0
3056,20391,0,1,1,1,90,3,0,0,2884,0,1,0
3058,20773,0,3,1,1,13619,14,0,0,2765,1,0,2
3063,45005,0,1,1,1,0,0,0,0,2934,0,1,0
3065,26513,0,1,1,1,7670,14,0,0,2678,1,1,0
3066,20417,0,1,1,1,5000,1,0,0,3013,0,1,0
3067,7490,0,1,1,1,0,0,0,0,3042,0,1,0
3070,61191,0,2,1,1,8502,17,0,0,2112,0,0,1
3071,7329,0,2,1,1,10639,16,0,0,2993,1,1,1
3072,12688,0,1,1,1,0,0,0,0,2993,0,1,0
3073,106921,0,4,1,1,26666,13,0,0,2581,0,0,3
3077,109133,0,3,1,1,21378,16,0,0,2989,0,0,2
3079,45575,0,3,1,1,23223,17,0,0,2964,1,0,2
3080,76430,0,3,1,1,13653,17,0,0,3018,1,0,2
3081,18059,0,1,1,1,0,0,0,0,2019,0,1,0
3082,188759,0,1,1,1,3082,3,0,0,2817,0,1,-1
3083,36953,0,3,1,1,25598,16,0,0,2997,1,0,2
3086,72768,0,1,1,1,290,3,0,0,2762,0,1,0
3087,23178,0,1,1,1,0,0,0,0,2351,0,1,0
3088,25676,0,1,1,1,0,0,0,0,1597,0,1,0
3090,1666,0,1,1,1,980,3,0,0,2761,0,1,0
3094,5317,0,1,1,1,0,0,0,0,2992,0,1,0
3095,7606,0,4,1,1,29307,17,0,0,2930,1,0,3
3097,22414,0,1,1,1,1094,3,0,0,2957,1,1,0
3099,127199,0,1,1,1,2563,14,0,0,2917,0,1,0
3100,12176,0,1,1,1,875,7,0,0,2268,0,1,0
3101,142929,0,4,1,1,40826,23,0,0,2803,0,0,-1
3102,28670,0,2,1,1,11727,11,0,0,2980,1,1,1
3105,6181,0,1,1,1,2000,9,0,0,2878,0,1,0
3107,16136,0,1,1,1,0,0,0,0,1177,0,1,0
3109,92492,0,1,1,1,11029,6,0,0,2839,0,1,0
3111,46003,0,1,1,1,1340,7,0,0,2698,0,1,0
3112,95982,0,1,1,1,3630,3,0,0,2623,0,1,0
3113,20529,0,1,1,1,0,0,0,0,2644,0,1,0
3116,50939,0,3,1,1,16453,16,0,0,2753,0,0,2
3117,35039,0,1,1,1,174,1,0,0,2314,0,1,0
3119,1439,0,1,1,1,80,2,0,0,2684,0,1,0
3122,22865,0,1,1,1,1750,7,0,0,2375,0,1,0
3123,23033,0,2,1,1,7910,15,0,0,2765,1,1,1
3124,103172,0,1,1,1,3125,3,0,0,2416,0,1,0
3128,156766,0,3,1,1,23375,27,0,0,2840,0,0,-1
3129,34137,0,1,1,1,335,5,0,0,2593,0,1,0
3131,43823,0,1,1,1,500,1,0,0,2717,0,1,0
3132,63364,0,3,1,1,15415,11,0,0,2560,0,0,2
3133,18497,0,3,1,1,14138,12,0,0,2643,0,0,2
3134,23173,0,2,1,1,7843,8,0,0,2565,0,1,1
3135,51367,0,4,1,1,40004,24,0,0,2434,1,0,-1
3136,34894,0,3,1,1,13955,17,0,0,2447,0,0,2
3137,7422,0,1,1,1,2229,3,0,0,2653,0,1,0
3139,2784,0,1,1,1,0,0,0,0,2066,0,1,0
3141,29326,0,2,1,1,23061,7,0,0,2497,1,1,-1
3143,29518,0,1,1,1,2702,12,0,0,2532,0,1,0
3145,8000,0,1,1,1,0,0,0,0,941,0,1,0
3147,38042,0,1,1,1,7658,17,0,0,2606,0,1,0
3148,23894,0,1,1,1,6000,3,0,0,2705,1,1,0
3151,47513,0,3,1,1,19904,13,0,0,2516,1,0,2
3152,16321,0,1,1,1,0,0,0,0,2710,0,1,0
3153,37550,0,1,1,1,0,0,0,0,2579,0,1,0
3154,37936,0,2,1,1,6211,12,0,0,2719,0,1,1
3156,25934,0,1,1,1,370,3,0,0,2565,0,1,0
3160,98753,0,1,1,1,1475,5,0,0,2619,1,1,0
3161,25157,0,1,1,1,830,3,0,0,2732,0,1,0
3162,24134,0,1,1,1,1250,3,0,0,2390,0,1,0
3163,6628,0,1,1,1,2125,8,0,0,2539,0,1,0
3164,14504,0,1,1,1,0,0,0,0,2329,0,1,0
3165,36665,0,1,1,1,3250,19,0,0,2951,0,1,0
3166,17481,0,1,1,1,1396,3,0,0,586,0,1,0
3167,33111,0,1,1,1,0,0,0,0,2461,0,1,0
3169,93028,0,4,1,1,40887,22,0,0,2507,1,0,3
3172,14957,0,1,1,1,0,0,0,0,2634,0,1,0
3173,17823,0,1,1,1,15323,8,0,0,1453,0,1,0
3174,8485,0,1,1,1,0,0,0,0,2111,0,1,0
3175,56756,0,3,1,1,10851,14,0,0,2068,0,0,2
3176,99196,0,4,1,1,28334,16,0,0,2595,0,0,3
3178,11324,0,3,1,1,11082,11,0,0,2661,1,1,2
3181,18150,0,1,1,1,240,2,0,0,2538,0,1,0
3183,32659,0,1,1,1,3614,14,0,0,2553,0,1,0
3185,27122,0,1,1,1,0,0,0,0,2630,0,1,0
3186,40252,0,1,1,1,1375,4,0,0,2565,0,1,0
3188,65460,0,1,1,1,0,0,0,0,2493,0,1,0
3189,17863,0,1,1,1,0,0,0,0,2028,1,1,0
3193,15135,0,3,1,1,13357,14,0,0,2579,1,0,2
3195,31489,0,3,1,1,21950,21,0,0,2216,1,0,2
3196,48852,0,1,1,1,1058,3,0,0,2278,1,1,0
3197,188883,0,1,1,1,5500,3,0,0,2613,1,1,-1
3198,37212,0,1,1,1,0,0,0,0,2455,0,1,0
3199,43285,0,1,1,1,745,3,0,0,2436,1,1,0
3200,10758,0,1,1,1,0,0,0,0,1777,0,1,0
3201,40926,0,1,1,1,1725,7,0,0,2453,0,1,0
3202,10915,0,1,1,1,5455,15,0,0,2473,1,1,0
3203,38580,0,1,1,1,4337,7,0,0,2168,0,1,0
3208,19382,0,1,1,1,195,2,0,0,2545,0,1,0
3209,25205,0,1,1,1,0,0,0,0,2532,0,1,0
3210,9634,0,1,1,1,9634,5,0,0,2146,0,1,0
3212,41279,0,2,1,1,8682,14,0,0,2241,0,1,1
3214,11021,0,1,1,1,115,2,0,0,2449,0,1,0
3215,4096,0,1,1,1,3802,8,0,0,2433,1,1,0
3216,5199,0,3,1,1,28100,16,0,0,2592,1,0,2
3217,41072,0,1,1,1,3751,15,0,0,2378,0,1,0
3219,15920,0,1,1,1,2500,1,0,0,2466,1,1,0
3220,50674,0,2,1,1,22073,12,0,0,1615,0,0,-1
3222,93264,0,1,1,1,3250,19,0,0,2369,0,1,-1
3224,24920,0,1,1,1,375,3,0,0,2067,0,1,0
3227,41247,0,1,1,1,0,0,0,0,2407,0,1,0
3228,5929,0,1,1,1,168,7,0,0,2371,0,1,0
3231,112164,0,3,1,1,16802,14,0,0,2188,0,0,2
3232,44764,0,2,1,1,5539,6,0,0,2081,0,1,1
3233,38997,0,1,1,1,5158,18,0,0,2399,0,1,0
3234,115215,0,2,1,1,5824,7,0,0,2096,1,1,-1
3235,96714,0,3,1,1,17026,15,0,0,2185,0,0,2
3236,32988,0,4,1,1,49484,14,0,0,2161,1,0,-1
3237,11552,0,1,1,1,0,0,0,0,481,0,1,0
3240,1724,0,3,1,1,27305,20,0,0,1784,1,0,2
3242,11845,0,1,1,1,625,2,0,0,2334,0,1,0
3244,85071,0,1,1,1,6600,4,0,0,2322,0,1,0
3246,33834,0,1,1,1,3920,12,0,0,1850,0,1,0
3247,36839,0,1,1,1,4436,6,0,0,2275,1,1,0
3248,42042,0,2,1,1,9846,14,0,0,1606,0,1,1
3249,72027,0,1,1,1,0,0,0,0,2386,0,1,0
3251,17818,0,1,1,1,0,0,0,0,1709,0,1,0
3253,57622,0,1,1,1,1250,3,0,0,2337,0,1,0
3254,323,0,1,1,1,0,0,0,0,1975,0,1,0
3255,33530,0,1,1,1,0,0,0,0,1777,0,1,0
3256,16452,0,1,1,1,9181,5,0,0,2108,0,1,0
3260,14648,0,3,1,1,21157,12,0,0,1843,1,0,2
3261,10621,0,1,1,1,90,3,0,0,2223,0,1,0
3262,23224,0,1,1,1,1750,7,0,0,2322,0,1,0
3263,17684,0,1,1,1,93,1,0,0,2012,0,1,0
3265,44668,0,1,1,1,872,2,0,0,1557,0,1,0
3268,74007,0,2,1,1,9259,13,0,0,2181,0,1,1
3269,22134,0,1,1,1,0,0,0,0,2161,0,1,0
3271,24683,0,1,1,1,600,2,0,0,2117,0,1,0
3273,8819,0,3,1,1,12472,15,0,0,1920,1,0,2
3274,61545,0,3,1,1,18351,18,0,0,1973,0,0,2
3276,50848,0,1,1,1,0,0,0,0,1773,0,1,0
3277,19661,0,1,1,1,0,0,0,0,2175,0,1,0
3281,9646,0,1,1,1,3445,11,0,0,2140,0,1,0
3282,16569,0,1,1,1,3204,8,0,0,2120,0,1,0
3286,26693,0,3,1,1,22057,14,0,0,1863,1,0,2
3287,2912,0,1,1,1,510,1,0,0,2132,0,1,0
3288,13982,0,1,1,1,500,1,0,0,2117,0,1,0
3289,14428,0,1,1,1,3475,21,0,0,1599,0,1,0
3290,21740,0,1,1,1,5625,11,0,0,2048,0,1,0
3291,8811,0,1,1,1,600,5,0,0,2032,0,1,0
3292,48256,0,2,1,1,8942,14,0,0,2121,0,1,1
3293,10994,0,3,1,1,10492,15,0,0,2215,1,0,2
3295,66614,0,1,1,1,0,0,0,0,1992,0,1,0
3296,78105,0,2,1,1,49364,14,0,0,2070,0,0,-1
3297,120860,0,1,1,1,2000,1,0,0,1761,0,1,0
3298,77382,0,1,1,1,4950,13,0,0,2256,0,1,0
3299,19290,0,1,1,1,0,0,0,0,2331,0,1,0
3300,50987,0,1,1,1,0,0,0,0,2259,0,1,0
3307,69106,0,1,1,1,17832,10,0,0,2007,0,1,-1
3308,66009,0,1,1,1,0,0,0,0,1603,1,1,0
3309,16843,0,1,1,1,780,3,0,0,2112,0,1,0
3310,27071,0,1,1,1,2125,10,0,0,2059,0,1,0
3315,14513,0,1,1,1,50,2,0,0,1710,0,1,0
3317,4834,0,2,1,1,13441,17,0,0,1851,1,1,1
3319,49804,0,1,1,1,0,0,0,0,2157,0,1,0
3322,140914,0,1,1,1,0,0,0,0,1791,0,1,0
3323,6789,0,1,1,1,0,0,0,0,2237,0,1,0
3324,61893,0,1,1,1,0,0,0,0,2320,0,1,0
3326,16962,0,1,1,1,0,0,0,0,2206,0,1,0
3328,22215,0,1,1,1,2375,12,0,0,1857,0,1,0
3330,66807,0,3,1,1,23456,14,0,0,1575,0,0,2
3335,16346,0,1,1,1,5930,15,0,0,2108,1,1,0
3337,17828,0,4,1,1,35099,14,0,0,2115,1,0,3
3340,28446,0,1,1,1,0,0,0,0,1920,0,1,0
3341,80906,0,3,1,1,23548,15,0,0,2140,0,0,2
3346,19881,0,1,1,1,2472,15,0,0,2186,0,1,0
3347,13490,0,1,1,1,0,0,0,0,2032,1,1,0
3350,18317,0,1,1,1,2375,12,0,0,2032,0,1,0
3351,26334,0,1,1,1,0,0,0,0,2258,0,1,0
3353,10697,0,1,1,1,1000,8,0,0,2111,0,1,0
3354,14072,0,3,1,1,20700,16,0,0,1949,1,0,2
3356,54697,0,1,1,1,1625,6,0,0,1809,0,1,0
3357,18359,0,1,1,1,0,0,0,0,1748,0,1,0
3360,32099,0,3,1,1,10534,6,0,0,1929,0,1,-1
3362,45137,0,1,1,1,2000,1,0,0,1319,1,1,0
3363,18179,0,1,1,1,5488,3,0,0,1877,1,1,0
3364,39566,0,2,1,1,23755,18,0,0,1763,0,0,-1
3365,46809,0,1,1,1,125,1,0,0,1878,0,1,0
3366,41628,0,3,1,1,16771,12,0,0,1818,0,0,2
3367,20891,0,1,1,1,150,3,0,0,1920,0,1,0
3370,7879,0,1,1,1,1815,5,0,0,1849,0,1,0
3371,40091,0,1,1,1,0,0,0,0,1803,0,1,0
3373,500,0,1,1,1,0,0,0,0,396,0,1,0
3374,43595,0,1,1,1,4375,14,0,0,1867,0,1,0
3376,63392,0,3,1,1,20553,17,0,0,1087,0,0,2
3377,19578,0,2,1,1,5208,11,0,0,1632,1,1,1
3378,10926,0,1,1,1,0,0,0,0,1851,0,1,0
3379,19839,0,4,1,1,36375,15,0,0,1535,1,0,3
3380,64594,0,2,1,1,9295,14,0,0,1869,0,1,1
3381,24580,0,1,1,1,255,3,0,0,1926,0,1,0
3383,24579,0,1,1,1,2100,10,0,0,1967,0,1,0
3384,71713,0,1,1,1,2135,4,0,0,1845,0,1,0
3387,21915,0,1,1,1,1875,8,0,0,1518,0,1,0
3388,16465,0,1,1,1,16165,5,0,0,1631,0,1,0
3391,26069,0,1,1,1,0,0,0,0,1278,0,1,0
3392,5690,0,2,1,1,11612,15,0,0,1549,1,1,1
3393,1000,0,1,1,1,0,0,0,0,1597,0,1,0
3394,14052,0,1,1,1,0,0,0,0,1808,0,1,0
3395,2143,0,1,1,1,0,0,0,0,1672,0,1,0
3396,18239,0,1,1,1,0,0,0,0,1683,0,1,0
3397,4892,0,1,1,1,0,0,0,0,1282,0,1,0
3398,34412,0,3,1,1,14734,13,0,0,1524,1,0,2
3399,34535,0,1,1,1,2719,12,0,0,1358,0,1,0
3401,11816,0,1,1,1,0,0,0,0,1596,0,1,0
3402,11218,0,1,1,1,3850,14,0,0,1604,0,1,0
3403,12568,0,1,1,1,350,3,0,0,1664,0,1,0
3405,39983,0,3,1,1,39983,11,0,0,1569,0,0,-1
3406,28526,0,1,1,1,4167,15,0,0,1360,0,1,0
3407,68359,0,3,1,1,15803,17,0,0,1293,0,0,2
3408,22048,0,1,1,1,100,1,0,0,1702,0,1,0
3409,1866,0,1,1,1,1128,8,0,0,1782,0,1,0
3410,40408,0,2,1,1,9612,12,0,0,913,0,1,1
3411,20642,0,1,1,1,4977,13,0,0,1614,0,1,0
3413,18656,0,1,1,1,4752,11,0,0,968,0,1,0
3415,25898,0,1,1,1,7834,3,0,0,1588,0,1,0
3416,42481,0,3,1,1,24617,16,0,0,678,0,0,2
3418,4431,0,1,1,1,0,0,0,0,1582,0,1,0
3419,25090,0,4,1,1,25860,9,0,0,1786,1,0,-1
3421,11631,0,1,1,1,3289,22,0,0,1157,0,1,0
3423,5625,0,1,1,1,2350,12,0,0,1270,0,1,0
3425,5544,0,1,1,1,350,3,0,0,1713,0,1,0
3428,9805,0,1,1,1,4403,11,0,0,1559,1,1,0
3429,29417,0,1,1,1,16011,3,0,0,1582,0,1,0
3430,37093,0,1,1,1,4250,13,0,0,1810,0,1,0
3431,21461,0,1,1,1,4010,26,0,0,1509,0,1,0
3432,21950,0,1,1,1,5739,16,0,0,1668,0,1,0
3433,14233,0,1,1,1,160,3,0,0,1687,0,1,0
3435,22551,0,1,1,1,0,0,0,0,1794,0,1,0
3436,35474,0,1,1,1,15086,6,0,0,1479,0,1,0
3438,50386,0,1,1,1,2750,8,0,0,1721,0,1,0
3439,28502,0,1,1,1,2375,12,0,0,1732,0,1,0
3441,20516,0,1,1,1,3500,20,0,0,1429,0,1,0
3442,97391,0,1,1,1,26299,8,0,0,1607,0,0,-1
3444,139982,0,1,1,1,14500,6,0,0,1430,0,1,-1
3449,17397,0,1,1,1,1750,7,0,0,1215,0,1,0
3453,42093,0,1,1,1,1831,4,0,0,1526,0,1,0
3454,74331,0,3,1,1,15779,14,0,0,1514,0,0,2
3456,14243,0,1,1,1,6654,17,0,0,1487,0,1,0
3457,6803,0,1,1,1,1644,11,0,0,1296,0,1,0
3458,8885,0,1,1,1,1500,5,0,0,1386,0,1,0
3459,38761,0,2,1,1,9015,12,0,0,1533,0,1,1
3460,5500,0,1,1,1,0,0,0,0,989,0,1,0
3462,30463,0,1,1,1,4619,9,0,0,1275,0,1,0
3463,6914,0,1,1,1,0,0,0,0,812,0,1,0
3464,67495,0,2,1,1,8620,8,0,0,1302,0,1,1
3465,15339,0,1,1,1,1375,4,0,0,628,0,1,0
3468,45432,0,3,1,1,12833,15,0,0,1322,0,0,2
3469,39386,0,1,1,1,18722,7,0,0,1359,0,1,0
3471,25849,0,1,1,1,0,0,0,0,996,0,1,0
3472,3625,0,1,1,1,0,0,0,0,1369,0,1,0
3474,30273,0,1,1,1,1720,8,0,0,1117,0,1,0
3475,24750,0,1,1,1,0,0,0,0,968,1,1,0
3476,12471,0,1,1,1,0,0,0,0,666,0,1,0
3477,2000,0,1,1,1,0,0,0,0,1479,0,1,0
3478,2827,0,1,1,1,0,0,0,0,1375,0,1,0
3480,19694,0,1,1,1,2125,10,0,0,1436,0,1,0
3481,11571,0,1,1,1,0,0,0,0,1116,0,1,0
3482,26933,0,1,1,1,750,6,0,0,1299,0,1,0
3483,1456,0,1,1,1,500,1,0,0,1130,0,1,0
3488,4360,0,1,1,1,2000,9,0,0,1355,0,1,0
3489,7056,0,1,1,1,0,0,0,0,1057,0,1,0
3490,32934,0,1,1,1,500,1,0,0,858,1,1,0
3492,24915,0,1,1,1,265,3,0,0,1184,0,1,0
3494,20691,0,1,1,1,16448,6,0,0,1227,0,1,0
3495,11676,0,1,1,1,1000,1,0,0,1158,0,1,0
3496,31504,0,1,1,1,7358,2,0,0,1022,0,1,0
3497,12093,0,1,1,1,1605,4,0,0,1411,0,1,0
3498,44353,0,1,1,1,2500,1,0,0,138,0,1,0
3499,35557,0,1,1,1,350,3,0,0,1135,0,1,0
3501,3258,0,1,1,1,0,0,0,0,106,0,1,0
3504,20010,0,1,1,1,0,0,0,0,1302,0,1,0
3505,37866,0,2,1,1,9200,18,0,0,1230,0,1,1
3506,65664,0,2,1,1,11899,5,0,0,1121,0,1,1
3507,59967,0,1,1,1,10000,4,0,0,959,1,1,0
3509,19892,0,1,1,1,3505,13,0,0,1240,0,1,0
3511,68224,0,4,1,1,28916,16,0,0,1258,0,0,-1
3514,3246,0,1,1,1,0,0,0,0,1401,0,1,0
3515,33323,0,1,1,1,0,0,0,0,1405,0,1,0
3516,114719,0,1,1,1,0,0,0,0,1136,1,1,0
3518,25705,0,1,1,1,0,0,0,0,1180,0,1,0
3519,52475,0,3,1,1,14447,13,0,0,962,0,0,2
3521,960,0,1,1,1,6000,1,0,0,1262,1,1,0
3522,17036,0,1,1,1,0,0,0,0,1210,0,1,0
3523,34458,0,1,1,1,1883,8,0,0,843,0,1,0
3526,14494,0,1,1,1,500,1,0,0,575,0,1,0
3527,13460,0,1,1,1,0,0,0,0,271,0,1,0
3528,9216,0,1,1,1,340,3,0,0,1466,0,1,0
3529,22840,0,1,1,1,0,0,0,0,773,0,1,0
3533,3625,0,1,1,1,2000,9,0,0,1431,0,1,0
3534,16200,0,1,1,1,5375,28,0,0,1407,0,1,0
3535,40465,0,1,1,1,6540,28,0,0,1408,0,1,0
3536,1000,0,1,1,1,375,3,0,0,1382,0,1,0
3537,4750,0,1,1,1,1875,8,0,0,1416,0,1,0
3538,74280,0,3,1,1,23735,18,0,0,1425,0,0,2
3539,1250,0,1,1,1,625,5,0,0,1071,0,1,0
3541,12250,0,1,1,1,4875,32,0,0,1346,0,1,0
3542,8250,0,1,1,1,3000,17,0,0,915,0,1,0
3543,15732,0,1,1,1,6875,33,0,0,666,0,1,0
3544,9300,0,1,1,1,3250,18,0,0,1396,0,1,0
3545,9500,0,1,1,1,3125,18,0,0,1415,0,1,0
3546,3750,0,1,1,1,1500,5,0,0,1397,0,1,0
3547,12350,0,1,1,1,4125,26,0,0,1314,0,1,0
3548,13623,0,1,1,1,2625,14,0,0,1330,0,1,0
3549,10824,0,1,1,1,3375,19,0,0,867,0,1,0
3550,1250,0,1,1,1,1250,3,0,0,679,0,1,0
3551,17215,0,1,1,1,1750,7,0,0,1423,0,1,0
3552,16825,0,1,1,1,4250,27,0,0,1431,0,1,0
3553,2125,0,1,1,1,875,7,0,0,1396,0,1,0
3554,9175,0,1,1,1,4000,25,0,0,1428,0,1,0
3555,23717,0,1,1,1,3375,19,0,0,1404,0,1,0
3557,6125,0,1,1,1,2750,8,0,0,144,0,1,0
3558,4399,0,1,1,1,750,6,0,0,1369,0,1,0
3559,10200,0,1,1,1,3625,15,0,0,1408,0,1,0
3561,9375,0,1,1,1,3250,19,0,0,1410,0,1,0
3562,8992,0,1,1,1,1250,3,0,0,1417,0,1,0
3563,13936,0,1,1,1,1625,6,0,0,1418,0,1,0
3564,5250,0,1,1,1,1875,8,0,0,1418,0,1,0
3565,5500,0,1,1,1,2875,9,0,0,1428,0,1,0
3567,7400,0,1,1,1,2600,14,0,0,1394,0,1,0
3568,4350,0,1,1,1,2100,10,0,0,1409,0,1,0
3569,6875,0,1,1,1,4625,30,0,0,581,0,1,0
3570,6000,0,1,1,1,2250,4,0,0,713,0,1,0
3572,11864,0,1,1,1,2500,13,0,0,1397,0,1,0
3573,10000,0,1,1,1,3375,19,0,0,1418,0,1,0
3574,5375,0,1,1,1,1375,11,0,0,1396,0,1,0
3575,4500,0,1,1,1,1500,5,0,0,1033,0,1,0
3576,4150,0,1,1,1,375,3,0,0,1424,0,1,0
3577,9125,0,1,1,1,750,6,0,0,1174,0,1,0
3578,13301,0,1,1,1,3500,21,0,0,1400,0,1,0
3579,16504,0,1,1,1,500,4,0,0,1397,0,1,0
3580,10400,0,1,1,1,1840,10,0,0,1397,0,1,0
3581,3750,0,1,1,1,1750,7,0,0,1178,0,1,0
3582,8725,0,1,1,1,5600,14,0,0,1426,0,1,0
3584,16700,0,1,1,1,1500,5,0,0,1269,0,1,0
3585,11850,0,1,1,1,4475,29,0,0,893,0,1,0
3586,62705,0,1,1,1,2750,15,0,0,1422,0,1,0
3587,2125,0,1,1,1,625,5,0,0,1248,0,1,0
3588,11875,0,1,1,1,3625,22,0,0,1408,0,1,0
3589,7375,0,1,1,1,2750,13,0,0,714,0,1,0
3590,54264,0,3,1,1,15178,17,0,0,1397,1,0,2
3591,49482,0,4,1,1,33147,23,0,0,1255,0,0,-1
3593,3967,0,1,1,1,375,3,0,0,1337,0,1,0
3594,6250,0,1,1,1,2250,11,0,0,1365,0,1,0
3595,11572,0,1,1,1,7164,22,0,0,1163,0,1,0
3597,1500,0,1,1,1,500,4,0,0,893,0,1,0
3598,5875,0,1,1,1,2125,10,0,0,997,0,1,0
3599,13350,0,1,1,1,3850,24,0,0,1071,0,1,0
3600,10197,0,1,1,1,3098,10,0,0,723,0,1,0
3601,3250,0,1,1,1,2125,10,0,0,1117,0,1,0
3602,12375,0,1,1,1,3875,24,0,0,863,0,1,0
3603,7625,0,1,1,1,4375,21,0,0,1393,0,1,0
3604,11875,0,1,1,1,3625,22,0,0,1388,0,1,0
3605,1625,0,1,1,1,1250,3,0,0,1381,0,1,0
3607,4500,0,1,1,1,2250,11,0,0,666,0,1,0
3608,2625,0,1,1,1,1375,4,0,0,850,0,1,0
3609,5400,0,1,1,1,1875,8,0,0,1324,0,1,0
3611,12675,0,1,1,1,4875,25,0,0,1390,0,1,0
3612,2875,0,1,1,1,1375,4,0,0,1381,0,1,0
3613,4500,0,1,1,1,2125,10,0,0,1271,0,1,0
3614,500,0,1,1,1,125,1,0,0,1355,0,1,0
3615,11361,0,1,1,1,3375,20,0,0,1367,0,1,0
3616,9794,0,1,1,1,2250,11,0,0,968,0,1,0
3618,21842,0,1,1,1,3250,19,0,0,929,0,1,0
3620,6305,0,1,1,1,0,0,0,0,1031,0,1,0
3622,7591,0,1,1,1,0,0,0,0,926,0,1,0
3623,10508,0,1,1,1,0,0,0,0,309,0,1,0
3625,11692,0,1,1,1,0,0,0,0,95,0,1,0
3626,1022,0,1,1,1,0,0,0,0,463,0,1,0
3628,265,0,1,1,1,6000,1,0,0,1012,1,1,0
3630,29836,0,1,1,1,16165,3,0,0,815,0,1,0
3631,22647,0,1,1,1,1136,9,0,0,883,0,1,0
3633,5931,0,1,1,1,0,0,0,0,882,0,1,0
3635,23704,0,3,1,1,14935,14,0,0,868,1,0,2
3636,44038,0,2,1,1,21634,11,0,0,872,0,0,-1
3637,31011,0,1,1,1,0,0,0,0,1130,0,1,0
3638,64956,0,3,1,1,36694,11,0,0,1012,0,0,-1
3641,24847,0,1,1,1,1550,4,0,0,1022,0,1,0
3642,46207,0,3,1,1,16093,32,0,0,1130,0,0,-1
3644,28049,0,1,1,1,100,2,0,0,1164,0,1,0
3645,11690,0,1,1,1,0,0,0,0,360,0,1,0
3647,33413,0,3,1,1,31605,8,0,0,647,1,0,-1
3648,9446,0,1,1,1,0,0,0,0,667,0,1,0
3651,1000,0,1,1,1,1000,1,0,0,148,0,1,0
3652,1884,0,1,1,1,0,0,0,0,31,0,1,0
3653,22027,0,1,1,1,1225,3,0,0,653,0,1,0
3654,4130,0,1,1,1,100,1,0,0,673,0,1,0
3655,3447,0,1,1,1,1000,1,0,0,872,0,1,0
3657,2886,0,1,1,1,500,1,0,0,557,0,1,0
3658,4028,0,1,1,1,0,0,0,0,346,0,1,0
3659,45485,0,1,1,1,8417,4,0,0,759,1,1,0
3661,4586,0,1,1,1,1000,1,0,0,249,0,1,0
3662,20335,0,1,1,1,5115,2,0,0,768,0,1,0
3663,2250,0,1,1,1,1750,7,0,0,817,0,1,0
3667,4224,0,1,1,1,0,0,0,0,336,0,1,0
3668,4375,0,1,1,1,2875,16,0,0,248,0,1,0
3670,10512,0,1,1,1,0,0,0,0,836,0,1,0
3671,3834,0,1,1,1,500,1,0,0,524,0,1,0
3673,4584,0,1,1,1,0,0,0,0,652,0,1,0
3674,19870,0,1,1,1,11075,4,0,0,892,0,1,0
3675,18088,0,1,1,1,16697,6,0,0,501,0,1,0
3676,20765,0,1,1,1,15949,4,0,0,319,0,1,0
3677,7138,0,1,1,1,0,0,0,0,293,0,1,0
3680,5459,0,2,1,1,9864,14,0,0,880,1,1,1
3681,1125,0,1,1,1,0,0,0,0,898,0,1,0
3682,8994,0,1,1,1,0,0,0,0,1104,0,1,0
3686,16844,0,1,1,1,0,0,0,0,483,0,1,0
3687,49271,0,3,1,1,20695,11,0,0,852,0,0,2
3689,86588,0,1,1,1,4537,4,0,0,1072,0,1,0
3690,53027,0,2,1,1,30627,16,0,0,1290,0,0,-1
3691,24765,0,1,1,1,19969,5,0,0,595,0,1,0
3692,29174,0,1,1,1,100,1,0,0,1087,0,1,0
3693,1100,0,1,1,1,1100,2,0,0,438,0,1,0
3695,8232,0,1,1,1,0,0,0,0,258,0,1,0
3699,24454,0,1,1,1,1919,7,0,0,732,0,1,0
3700,7847,0,1,1,1,0,0,0,0,284,0,1,0
3701,29056,0,1,1,1,4354,14,0,0,715,0,1,0
3702,42071,0,1,1,1,500,1,0,0,502,0,1,0
3703,570,0,1,1,1,180,4,0,0,785,0,1,0
3704,8904,0,1,1,1,3740,14,0,0,898,1,1,0
3705,4354,0,1,1,1,1000,1,0,0,706,0,1,0
3706,2000,0,1,1,1,0,0,0,0,165,0,1,0
3708,11303,0,1,1,1,0,0,0,0,119,0,1,0
3709,642,0,1,1,1,0,0,0,0,355,0,1,0
3710,1000,0,1,1,1,0,0,0,0,500,0,1,0
3711,5269,0,3,1,1,22697,13,0,0,604,1,0,2
3713,4652,0,1,1,1,0,0,0,0,207,0,1,0
3714,500,0,1,1,1,0,0,0,0,340,0,1,0
3715,4546,0,1,1,1,1000,1,0,0,239,0,1,0
3716,31673,0,1,1,1,2500,1,0,0,283,0,1,0
3717,8684,0,1,1,1,0,0,0,0,544,0,1,0
3718,2104,0,1,1,1,0,0,0,0,466,0,1,0
3719,862,0,1,1,1,0,0,0,0,8,0,1,0
3721,4490,0,1,1,1,0,0,0,0,107,0,1,0
3722,13560,0,1,1,1,0,0,0,0,368,0,1,0
3723,2000,0,1,1,1,0,0,0,0,520,0,1,0
3725,1837,0,1,1,1,1000,1,0,0,219,0,1,0
3726,500,0,1,1,1,0,0,0,0,122,0,1,0
3727,4090,0,1,1,1,0,0,0,0,59,0,1,0
3728,12264,0,1,1,1,0,0,0,0,267,0,1,0
3729,54950,0,3,1,1,30500,9,0,0,450,0,0,-1
3730,16094,0,1,1,1,0,0,0,0,199,0,1,0
3731,1000,0,1,1,1,0,0,0,0,594,0,1,0
3732,6705,0,1,1,1,600,2,0,0,507,0,1,0
3733,6338,0,1,1,1,0,0,0,0,322,0,1,0
3734,3110,0,1,1,1,1100,2,0,0,345,0,1,0
3735,3000,0,1,1,1,1000,1,0,0,270,0,1,0
3736,23257,0,1,1,1,0,0,0,0,361,0,1,0
3737,18933,0,1,1,1,0,0,0,0,284,0,1,0
3738,93198,0,3,1,1,28923,18,0,0,500,0,0,2
3740,16501,0,1,1,1,0,0,0,0,360,0,1,0
3741,9264,0,1,1,1,4830,15,0,0,424,0,1,0
3742,4676,0,1,1,1,0,0,0,0,141,0,1,0
3743,4636,0,1,1,1,0,0,0,0,42,0,1,0
3744,3065,0,1,1,1,0,0,0,0,87,0,1,0
3745,3230,0,1,1,1,0,0,0,0,10,0,1,0
3746,8660,0,1,1,1,0,0,0,0,172,0,1,0
3747,1500,0,1,1,1,0,0,0,0,60,0,1,0
3748,2627,0,1,1,1,0,0,0,0,25,0,1,0
3749,1224,0,1,1,1,0,0,0,0,269,0,1,0
3751,1022,0,1,1,1,0,0,0,0,277,0,1,0
3752,3788,0,1,1,1,0,0,0,0,61,0,1,0
3753,1446,0,1,1,1,0,0,0,0,99,0,1,0
3754,20882,0,1,1,1,1000,1,0,0,328,0,1,0
3755,5450,0,1,1,1,125,3,0,0,687,0,1,0
3757,6835,0,1,1,1,765,3,0,0,596,0,1,0
3758,16936,0,1,1,1,14970,2,0,0,580,0,1,0
3759,20410,0,1,1,1,0,0,0,0,541,0,1,0
3760,1500,0,1,1,1,0,0,0,0,480,0,1,0
3761,27759,0,1,1,1,7195,5,0,0,499,0,1,0
3762,500,0,1,1,1,500,1,0,0,493,0,1,0
3764,4751,0,1,1,1,0,0,0,0,334,0,1,0
3765,5354,0,1,1,1,0,0,0,0,32,0,1,0
3766,1500,0,1,1,1,1500,1,0,0,235,0,1,0
3767,6356,0,1,1,1,5000,1,0,0,180,0,1,0
3768,642,0,1,1,1,642,3,0,0,170,0,1,0
3769,7504,0,1,1,1,0,0,0,0,100,0,1,0
3771,27488,0,3,1,1,23927,21,0,0,2273,1,0,2
3772,39956,0,1,1,1,0,0,0,0,3206,0,1,0
3773,35569,0,2,1,1,27119,21,0,0,3357,0,0,-1
3780,68684,0,2,1,1,5756,13,0,0,2892,0,1,1
3782,24228,0,1,1,1,2850,15,0,0,3452,0,1,0
3783,19483,0,1,1,1,4263,18,0,0,3589,1,1,0
3784,78231,0,3,1,1,19182,13,0,0,3102,1,0,2
3787,21216,0,2,1,1,7787,12,0,0,3378,0,1,1
3788,17967,0,1,1,1,1500,5,0,0,3340,0,1,0
3789,4000,0,1,1,1,0,0,0,0,3453,0,1,0
3790,74651,0,2,1,1,10893,22,0,0,3456,0,0,1
3791,400,0,1,1,1,160,1,0,0,3460,0,1,0
3793,2000,0,1,1,1,0,0,0,0,3188,0,1,0
3797,43971,0,1,1,1,1491,11,0,0,2350,0,1,0
3798,10635,0,4,1,1,45212,20,0,0,2131,1,0,-1
3800,46269,0,3,1,1,20594,14,0,0,3487,1,0,2
3803,7630,0,1,1,1,220,3,0,0,3403,0,1,0
3804,31541,0,1,1,1,5101,12,0,0,3488,0,1,0
3808,68907,0,4,1,1,33434,10,0,0,3365,0,0,3
3809,27669,0,1,1,1,3219,7,0,0,3413,0,1,0
3810,62589,0,1,1,1,10000,4,0,0,2803,1,1,0
3812,97768,0,4,1,1,26734,13,0,0,3119,0,0,3
3814,48577,0,4,1,1,34224,16,0,0,2794,0,0,3
3815,70614,0,4,1,1,32417,18,0,0,3519,1,0,3
3816,38827,0,1,1,1,0,0,0,0,2993,0,1,0
3817,29919,0,1,1,1,1225,3,0,0,2949,0,1,0
3818,9673,0,1,1,1,0,0,0,0,2501,0,1,0
3820,55473,0,2,1,1,10156,7,0,0,1751,0,1,1
3822,7698,0,1,1,1,0,0,0,0,1734,0,1,0
3823,72019,0,3,1,1,20430,8,0,0,1789,1,0,2
3826,6850,0,1,1,1,2225,11,0,0,1719,0,1,0
3828,26055,0,1,1,1,3320,14,0,0,1727,0,1,0
3831,94201,0,3,1,1,21559,13,0,0,1716,0,0,2
3832,6240,0,1,1,1,0,0,0,0,1679,0,1,0
3833,13899,0,1,1,1,5125,31,0,0,1705,0,1,0
3835,891,0,1,1,1,891,8,0,0,1703,0,1,0
3836,21787,0,1,1,1,1500,5,0,0,1704,0,1,0
3837,71502,0,2,1,1,9482,13,0,0,1699,0,1,1
3838,3420,0,1,1,1,1750,7,0,0,1690,0,1,0
3839,7535,0,3,1,1,18487,20,0,0,1678,1,0,2
3840,28132,0,1,1,1,465,5,0,0,1702,0,1,0
3841,67329,0,1,1,1,6500,3,0,0,1696,1,1,0
3843,11500,0,1,1,1,0,0,0,0,1695,0,1,0
3844,15275,0,1,1,1,2750,8,0,0,1694,0,1,0
3848,62121,0,1,1,1,3602,9,0,0,1692,0,1,0
3849,66315,0,1,1,1,8096,9,0,0,1689,0,1,0
3850,4342,0,1,1,1,0,0,0,0,1678,0,1,0
3851,24838,0,1,1,1,500,1,0,0,1684,0,1,0
3853,25992,0,3,1,1,24333,10,0,0,1678,1,0,2
3857,101431,0,4,1,1,49801,19,0,0,1677,0,0,-1
3858,12824,0,1,1,1,500,4,0,0,1677,0,1,0
3859,130595,0,1,1,1,0,0,0,0,1677,0,1,0
3863,16079,0,1,1,1,6085,4,0,0,1670,0,1,0
3864,10630,0,1,1,1,550,6,0,0,1670,0,1,0
3865,23027,0,1,1,1,3375,15,0,0,1669,0,1,0
3866,112345,0,4,1,1,36640,14,0,0,1669,0,0,-1
3868,4351,0,1,1,1,0,0,0,0,1659,0,1,0
3870,104656,0,1,1,1,5000,3,0,0,1663,0,1,0
3871,9575,0,1,1,1,0,0,0,0,1835,0,1,0
3872,55152,0,3,1,1,14630,14,0,0,1662,0,0,2
3873,12855,0,1,1,1,0,0,0,0,1653,0,1,0
3875,24893,0,1,1,1,0,0,0,0,1652,0,1,0
3876,17534,0,1,1,1,0,0,0,0,1656,0,1,0
3877,37165,0,3,1,1,19715,15,0,0,1654,0,0,2
3879,4680,0,1,1,1,135,3,0,0,1646,1,1,0
3880,10845,0,1,1,1,0,0,0,0,1621,0,1,0
3881,22998,0,1,1,1,0,0,0,0,1644,0,1,0
3882,15635,0,1,1,1,410,3,0,0,1612,0,1,0
3884,3126,0,1,1,1,100,1,0,0,1634,0,1,0
3885,33245,0,3,1,1,31390,17,0,0,1628,1,0,2
3887,15624,0,1,1,1,0,0,0,0,1634,0,1,0
3888,59151,0,3,1,1,11110,13,0,0,1636,0,0,2
3889,30500,0,1,1,1,0,0,0,0,1628,0,1,0
3891,33017,0,2,1,1,10333,18,0,0,1622,0,1,1
3893,23188,0,1,1,1,1291,8,0,0,1627,0,1,0
3894,56289,0,3,1,1,24051,15,0,0,1628,1,0,2
3895,5346,0,1,1,1,0,0,0,0,1621,0,1,0
3897,25753,0,1,1,1,3400,21,0,0,1614,0,1,0
3898,70659,0,2,1,1,9178,8,0,0,1622,0,1,1
3899,1000,0,1,1,1,0,0,0,0,1597,0,1,0
3900,63162,0,3,1,1,27564,8,0,0,1600,1,0,-1
3901,17472,0,1,1,1,500,1,0,0,1618,0,1,0
3902,6058,0,1,1,1,0,0,0,0,1608,0,1,0
3903,11005,0,1,1,1,5736,3,0,0,1609,0,1,0
3904,32424,0,4,1,1,39635,16,0,0,1584,1,0,3
3907,17079,0,1,1,1,4000,3,0,0,1605,0,1,0
3908,35493,0,1,1,1,0,0,0,0,1602,0,1,0
3909,84979,0,4,1,1,36702,16,0,0,1600,0,0,3
3910,22029,0,1,1,1,2882,14,0,0,1597,0,1,0
3911,771,0,1,1,1,13160,4,0,0,1601,1,1,0
3913,81866,0,1,1,1,10000,4,0,0,1591,1,1,0
3914,85696,0,3,1,1,18603,14,0,0,1591,0,0,2
3915,134882,0,3,1,1,15717,14,0,0,1597,0,0,2
3916,3919,0,1,1,1,500,1,0,0,1591,0,1,0
3917,43310,0,1,1,1,10058,13,0,0,1589,0,1,0
3918,18148,0,1,1,1,26,3,0,0,1565,0,1,0
3919,51653,0,2,1,1,11052,14,0,0,1571,0,1,1
3922,90666,0,4,1,1,32474,14,0,0,1582,0,0,3
3926,29657,0,1,1,1,8092,4,0,0,1592,0,1,0
3928,18601,0,2,1,1,5899,12,0,0,1600,0,1,1
3929,27604,0,1,1,1,1570,6,0,0,1555,0,1,0
3932,14598,0,1,1,1,625,5,0,0,1562,0,1,0
3933,6822,0,1,1,1,0,0,0,0,1559,0,1,0
3935,9620,0,1,1,1,500,1,0,0,1523,0,1,0
3937,39450,0,1,1,1,0,0,0,0,1529,0,1,0
3939,28028,0,1,1,1,0,0,0,0,1548,0,1,0
3941,17481,0,1,1,1,0,0,0,0,1535,0,1,0
3942,5000,0,1,1,1,5000,1,0,0,1537,0,1,0
3943,22885,0,1,1,1,1060,2,0,0,1541,0,1,0
3945,10760,0,1,1,1,0,0,0,0,1534,0,1,0
3947,14775,0,1,1,1,14275,9,0,0,1519,0,1,0
3948,8060,0,1,1,1,1750,4,0,0,1534,0,1,0
3949,89222,0,1,1,1,0,0,0,0,1528,0,1,0
3950,16148,0,1,1,1,2625,14,0,0,1529,0,1,0
3951,4316,0,1,1,1,1375,4,0,0,1515,0,1,0
3952,9372,0,1,1,1,0,0,0,0,1524,1,1,0
3954,49519,0,3,1,1,25762,18,0,0,1522,1,0,2
3955,37305,0,2,1,1,10205,13,0,0,1513,1,1,1
3956,7273,0,1,1,1,375,3,0,0,1517,0,1,0
3959,14440,0,1,1,1,365,2,0,0,1502,1,1,0
3960,62339,0,1,1,1,0,0,0,0,1507,0,1,0
3961,53040,0,1,1,1,3960,9,0,0,1595,0,1,0
3962,40346,0,2,1,1,5412,13,0,0,1483,0,1,1
3963,23835,0,1,1,1,0,0,0,0,1488,0,1,0
3964,17613,0,1,1,1,5030,9,0,0,1495,1,1,0
3965,2131,0,1,1,1,405,3,0,0,1480,0,1,0
3966,20885,0,1,1,1,751,12,0,0,1494,0,1,0
3967,2124,0,1,1,1,2324,2,0,0,1487,1,1,0
3968,62645,0,1,1,1,19602,11,0,0,1474,0,1,0
3970,45533,0,2,1,1,12247,20,0,0,1486,0,0,1
3971,35509,0,3,1,1,14204,13,0,0,1486,0,0,2
3972,170632,0,1,1,1,4650,3,0,0,1480,0,1,-1
3974,8273,0,1,1,1,0,0,0,0,1474,0,1,0
3975,5425,0,1,1,1,2000,9,0,0,1412,0,1,0
3977,33972,0,3,1,1,21029,29,0,0,1467,1,0,-1
3978,71794,0,1,1,1,6000,3,0,0,1453,0,1,0
3980,60854,0,1,1,1,5240,5,0,0,1457,0,1,0
3981,11680,0,1,1,1,1460,3,0,0,1459,0,1,0
3983,24917,0,1,1,1,3948,14,0,0,1457,0,1,0
3985,19640,0,1,1,1,935,3,0,0,1451,0,1,0
3986,31611,0,1,1,1,4030,12,0,0,1457,0,1,0
3987,16014,0,1,1,1,0,0,0,0,1450,0,1,0
3988,16063,0,1,1,1,2330,9,0,0,1447,0,1,0
3989,91605,0,4,1,1,37840,18,0,0,1444,0,0,-1
3992,12532,0,1,1,1,2069,9,0,0,1445,0,1,0
3993,52584,0,1,1,1,2500,1,0,0,1439,0,1,0
3994,20954,0,1,1,1,375,3,0,0,1438,0,1,0
3995,35185,0,2,1,1,5957,7,0,0,1439,0,1,1
3996,72297,0,3,1,1,16241,16,0,0,1587,1,0,2
3998,9128,0,1,1,1,0,0,0,0,1424,0,1,0
3999,37520,0,1,1,1,19924,6,0,0,1432,0,1,0
4000,9399,0,1,1,1,2125,10,0,0,1430,0,1,0
4001,10071,0,2,1,1,27701,16,0,0,1421,1,0,-1
4003,28867,0,3,1,1,19169,28,0,0,1425,0,0,-1
4004,1010,0,1,1,1,0,0,0,0,1423,0,1,0
4005,11463,0,1,1,1,339,4,0,0,1425,0,1,0
4006,26173,0,1,1,1,305,1,0,0,1418,0,1,0
4007,404,0,1,1,1,550,3,0,0,1418,0,1,0
4008,59017,0,4,1,1,34746,25,0,0,1418,0,0,-1
4011,5000,0,1,1,1,2125,3,0,0,1412,0,1,0
4012,2622,0,1,1,1,1625,6,0,0,1404,1,1,0
4013,11310,0,1,1,1,5021,2,0,0,1409,0,1,0
4014,39142,0,3,1,1,14981,28,0,0,1408,0,0,-1
4015,11181,0,1,1,1,929,12,0,0,1407,0,1,0
4016,3974,0,1,1,1,365,3,0,0,1397,0,1,0
4018,64385,0,1,1,1,981,5,0,0,1395,1,1,0
4019,73597,0,3,1,1,25447,8,0,0,1402,1,0,2
4021,3016,0,1,1,1,0,0,0,0,1398,0,1,0
